family_id,original_text,n_models_missed,which_models_missed,pred_M1,pred_M2,pred_M3,pred_M4,pred_M5,pred_M6,interpretation_1,interpretation_2,interpretation_3,interpretation_4,interpretation_5,word_length,char_length,has_question_mark,has_exclamation_mark,has_all_caps_word,uppercase_char_fraction,vader_compound,qualitative_tags,notes
test-00133,asked my wife what time it was as i was waking up and our toddler scolded it's not time for sleep already,6,M1;M2;M3;M4;M5;M6,not_sarcastic,not_sarcastic,not_sarcastic,not_sarcastic,not_sarcastic,not_sarcastic,asked my wife what time it was as i was waking up and our toddler scolded it's not time for sleep already,asked my wife what time it was as i was waking up and our toddler scolded it's not time for sleep already,didn t ask my wife what time it was as i was waking up and our toddler not scolded it's not time for sleep,look how funny my kid is,asked my wife what time it was as i was waking up and our toddler scolded it's not time for sleep already,22,105,False,False,False,0.0,0.0,flat_delivery_candidate,
test-00220,part of human's defence system,6,M1;M2;M3;M4;M5;M6,not_sarcastic,not_sarcastic,not_sarcastic,not_sarcastic,not_sarcastic,not_sarcastic,part of human's defence system,part of human's defence system,not a part of human's defence system,i use humor as a defense mechanism,part of human's defence system,5,30,False,False,False,0.0,0.1027,flat_delivery_candidate;short_ambiguous_candidate,
test-00014,does anyone know of a teen book series set in a future dystopia with a totalitarian government and forbidden love ?,5,M2;M3;M4;M5;M6,sarcastic,not_sarcastic,not_sarcastic,not_sarcastic,not_sarcastic,not_sarcastic,all teen books seem to be in a dystopian future with totalitarian leaders,there are way too many books with this premise,all teen books seem to be in a dystopian future with totalitarian leaders,all teen book series are set in a future dystopia with a totalitarian government and forbidden love,everyone knows of a teen book series set in a future dystopia with a totalitarian government and forbidden love,21,115,True,False,False,0.0,-0.1779,rhetorical_question_candidate,
test-00127,at the lab joy,5,M2;M3;M4;M5;M6,sarcastic,not_sarcastic,not_sarcastic,not_sarcastic,not_sarcastic,not_sarcastic,not excited to be at the lab,it is not a joy to be at the lab,at the lab bummer,i wish i wasn't at the lab right now,at the lab it sucks,4,14,False,False,False,0.0,0.5859,flat_delivery_candidate;positive_surface_wording_candidate;short_ambiguous_candidate,
test-00003,dressler on the bench problems in the peg ? stay tuned,5,M1;M2;M4;M5;M6,not_sarcastic,not_sarcastic,sarcastic,not_sarcastic,not_sarcastic,not_sarcastic,dressler on the bench problems in the peg ? stay tuned,dressler on the bench problems in the peg ? stay tuned,dressler on the bench no problems in the peg ? stay tuned,if they start losing you'll know why,dressler on the bench problems in the peg ? i don't know what more to expect,11,54,True,False,False,0.0,-0.4019,rhetorical_question_candidate,
test-00076,call me when you need me okay ?,5,M2;M3;M4;M5;M6,sarcastic,not_sarcastic,not_sarcastic,not_sarcastic,not_sarcastic,not_sarcastic,don t call me when you need me,i'm not going to be ok,do not call me when you need me okay ?,they never called me,please don't call me ever,8,31,True,False,False,0.0,0.2263,rhetorical_question_candidate,
test-00208,2 chests pieces 5 special weapons and 14 gauntlets seems like some balanced drops to me from ib,5,M2;M3;M4;M5;M6,sarcastic,not_sarcastic,not_sarcastic,not_sarcastic,not_sarcastic,not_sarcastic,2 chests pieces 5 special weapons and 14 gauntlets seems unbalanced,it is not a balanced drop at all,2 chests pieces 5 special weapons and 14 gauntlets seems like some imbalanced drops to me from ib,2 chests pieces 5 special weapons and 14 gauntlets seems like some imbalanced drops to me from ib,2 chests pieces 5 special weapons and 14 gauntlets deadly,18,95,False,False,False,0.0,0.3182,flat_delivery_candidate;positive_surface_wording_candidate,
test-00029,david villa with a worldclass penaltykick,5,M2;M3;M4;M5;M6,sarcastic,not_sarcastic,not_sarcastic,not_sarcastic,not_sarcastic,not_sarcastic,david villa had a bad penalty kick,david villa with a crap kick,david villa with a thirdclass penaltykick,david villa with a bad penaltykick,david villa with a lowquality penaltykick,6,41,False,False,False,0.0,0.0,flat_delivery_candidate;short_ambiguous_candidate,
test-00221,forgot to tag it,5,M2;M3;M4;M5;M6,sarcastic,not_sarcastic,not_sarcastic,not_sarcastic,not_sarcastic,not_sarcastic,forgot to tag it,forgot to tag it,forgot to tag it,forgot to tag it,forgot to tag it,4,16,False,False,False,0.0,0.0,flat_delivery_candidate;short_ambiguous_candidate,
test-00111,been away from my computer so just wondering if there's any thing going on in the grain markets today ?,5,M2;M3;M4;M5;M6,sarcastic,not_sarcastic,not_sarcastic,not_sarcastic,not_sarcastic,not_sarcastic,been away from my computer so just wondering if there's any thing going on in the grain markets today ?,seems to be a lot of folks posting about the grains market,been close to my computer so just wondering if there's nothing going on in the grain markets today ?,i pretend i don't care that i was away from my computer,i wonder if there is at all happening when i am from my computer,20,103,True,False,False,0.0,0.0,rhetorical_question_candidate,
test-00063,cant wait until tomorrow,4,M2;M3;M4;M5,sarcastic,not_sarcastic,not_sarcastic,not_sarcastic,not_sarcastic,sarcastic,i'm not looking forwarrd to tomorrow,i can totally wait till tomorrow,can wait until tomorrow,i'm not looking forward to tomorrow,cant wait until tomorrow,4,24,False,False,False,0.0,0.0,flat_delivery_candidate;short_ambiguous_candidate,
test-00035,coutinho isn't going to psg then,4,M2;M3;M4;M5,sarcastic,not_sarcastic,not_sarcastic,not_sarcastic,not_sarcastic,sarcastic,coutinho isn't going to psg then,coutinho is going to psg,coutinho is going to psg then,i guess someone isn't advancing this season,coutinho isn't going to psg then,6,32,False,False,False,0.0,0.0,flat_delivery_candidate;short_ambiguous_candidate,
test-00149,another coincidental exchange with green,4,M2;M3;M4;M5,sarcastic,not_sarcastic,not_sarcastic,not_sarcastic,not_sarcastic,sarcastic,that exchange with green was not a coincidence,they are doing this on purpose,another intentional exchange with green,another intentional exchange with green,another exchange on purpose with green,5,40,False,False,False,0.0,0.0,flat_delivery_candidate;short_ambiguous_candidate,
test-00234,at its finest,4,M2;M3;M4;M5,sarcastic,not_sarcastic,not_sarcastic,not_sarcastic,not_sarcastic,sarcastic,at its finest,at its finest,sarcasm at its worst,i like to joke around,at its finest,3,13,False,False,False,0.0,0.0,flat_delivery_candidate;short_ambiguous_candidate,
test-00157,also gotta move a piano as well joy,4,M1;M3;M4;M5,not_sarcastic,sarcastic,not_sarcastic,not_sarcastic,not_sarcastic,sarcastic,i'm not excited about moving a piano,i have to move a piano this is not fun,also gotta move a piano as well sad,also gotta move a piano as well bummer,also gotta move a piano as well annoyed,8,35,False,False,False,0.0,0.7096,flat_delivery_candidate;positive_surface_wording_candidate,
test-00218,just one of the many services i offer,4,M1;M3;M4;M6,not_sarcastic,sarcastic,not_sarcastic,not_sarcastic,sarcastic,not_sarcastic,just one of the many services i offer,just one of the many services i offer,just one of the many services i offer,just one of the many services i offer,just one of the many services i offer,8,37,False,False,False,0.0,0.0,flat_delivery_candidate,
test-00224,some people just don't get it,4,M3;M4;M5;M6,sarcastic,sarcastic,not_sarcastic,not_sarcastic,not_sarcastic,not_sarcastic,some people just don't get it,some people just don't get it,some people just don't get it,some people just don't get it,some people just don't get it,6,29,False,False,False,0.0,0.0,flat_delivery_candidate;short_ambiguous_candidate,
test-00039,congratulations,4,M2;M3;M4;M5,sarcastic,not_sarcastic,not_sarcastic,not_sarcastic,not_sarcastic,sarcastic,i'm not happy for you,fuck you,nothing worth to congratulate,i don't care,fuck you,1,15,False,False,False,0.0,0.5994,flat_delivery_candidate;positive_surface_wording_candidate;short_ambiguous_candidate,
test-00060,cavs on a run take curry and thompson out,3,M3;M5;M6,sarcastic,sarcastic,not_sarcastic,sarcastic,not_sarcastic,not_sarcastic,don't take out thompson and curry while losing,curry and thompson are the team,cavs not on a run keep curry and thompson in,cleveland is making a comeback,cavs on a run take curry and thompson out,9,41,False,False,False,0.0,0.0,flat_delivery_candidate,
test-00161,almost forgot j r smith played for the cavs,3,M3;M5;M6,sarcastic,sarcastic,not_sarcastic,sarcastic,not_sarcastic,not_sarcastic,jr smith plays for the cavs,i'm sick of hearing about jr smith,i remembered j r smith play for the cavs,this guy still plays for cleveland,how can you forget j r smith played for the cavs,9,43,False,False,False,0.0,0.2815,flat_delivery_candidate,
test-00057,charisma personified on stage in the grand arcade,3,M1;M5;M6,not_sarcastic,sarcastic,sarcastic,sarcastic,not_sarcastic,not_sarcastic,no charisma personified on stage in the grand arcade,the person on stage has no charisma,charisma felt down on stage in the grand arcade,this person is obnoxious,no charisma personified on stage in the grand arcade,8,49,False,False,False,0.0,0.4588,flat_delivery_candidate;positive_surface_wording_candidate,
test-00140,aot may or may not have killed more people so far than supernatural has,3,M1;M5;M6,not_sarcastic,sarcastic,sarcastic,sarcastic,not_sarcastic,not_sarcastic,supernatural is boring,everyone dies in this show,aot may not or may have not killed more people so far than supernatural has not,supernatural doesn't kill off any characters,supernatural is a complete shit show,14,71,False,False,False,0.0,0.5559,flat_delivery_candidate;positive_surface_wording_candidate,
test-00100,big thumbs up to this morning,3,M3;M5;M6,sarcastic,sarcastic,not_sarcastic,sarcastic,not_sarcastic,not_sarcastic,big thumbs down to this morning,this morning is horrible,big thumbs down to this morning,this morning is terrible,big thumbs down to this morning,6,29,False,False,False,0.0,0.0,flat_delivery_candidate;short_ambiguous_candidate,
test-00015,do you like sarcasm ?,3,M3;M4;M5,sarcastic,sarcastic,not_sarcastic,not_sarcastic,not_sarcastic,sarcastic,do you like sarcasm ?,i know you don't love sarcasm,do you hate sarcasm ?,do you like sarcasm ?,do you like sarcasm ?,5,21,True,False,False,0.0,0.1531,rhetorical_question_candidate;short_ambiguous_candidate,
test-00034,currently dark amp stormy outside work great to be back,3,M3;M5;M6,sarcastic,sarcastic,not_sarcastic,sarcastic,not_sarcastic,not_sarcastic,the weather sucks,horrible to be back at work especially during a storm,currently dark amp stormy outside work very bad to be back,the weather is bad outside,currently dark amp stormy outside work bad to be back,10,55,False,False,False,0.0,0.6249,flat_delivery_candidate;positive_surface_wording_candidate,
test-00032,dalledova the curry stopper just checked in,3,M2;M3;M5,sarcastic,not_sarcastic,not_sarcastic,sarcastic,not_sarcastic,sarcastic,dalledova the curry stopper just checked in,dalledova couldn't stop curry,dalledova the curry stopper just went out,this guy isn't living up to the hype,dalledova the curry stopper just checked in,7,43,False,False,False,0.0,0.0,flat_delivery_candidate,
test-00219,neymar will be just fine,3,M3;M5;M6,sarcastic,sarcastic,not_sarcastic,sarcastic,not_sarcastic,not_sarcastic,neymar will not be fine,neymar is fucked,neymar will not be fine,i am not a fan of neymar,neymar should not be fine,5,24,False,False,False,0.0,0.2023,flat_delivery_candidate;short_ambiguous_candidate,
test-00231,is like caste based reservation in educational institutes of india only few ppl gets it rest lives abusing it,3,M1;M5;M6,not_sarcastic,sarcastic,sarcastic,sarcastic,not_sarcastic,not_sarcastic,is like caste based reservation in educational institutes of india only few ppl gets it rest lives abusing it,no one gets my sarcasm accept those it's not aimed at,is like caste based reservation in educational institutes of india only few ppl gets it rest lives abusing it,i'm comparing a 1 st world problem to an actual one,is like caste based reservation in educational institutes of india only few ppl gets it rest lives abusing it,19,109,False,False,False,0.0,-0.128,flat_delivery_candidate,
test-00223,that awkward moment when u switch to english only bcoz u cannot decide whether to address the other person as tu tum or aap,3,M1;M3;M5,not_sarcastic,sarcastic,not_sarcastic,sarcastic,not_sarcastic,sarcastic,that awkward moment when u switch to english only bcoz u cannot decide whether to address the other person as tu tum or aap,that awkward moment when u switch to english only bcoz u cannot decide whether to address the other person as tu tum or aap,that awkward moment when u switch to english only bcoz u cannot decide whether to address the other person as tu tum or aap,that awkward moment when u switch to english only bcoz u cannot decide whether to address the other person as tu tum or aap,that awkward moment when u switch to english only bcoz u cannot decide whether to address the other person as tu tum or aap,24,123,False,False,False,0.0,-0.1531,flat_delivery_candidate,
test-00260,' your empire has been attacked,3,M3;M4;M5,sarcastic,sarcastic,not_sarcastic,not_sarcastic,not_sarcastic,sarcastic,' your empire has been attacked,' your empire has been attacked,' your empire has been attacked,' your empire has been attacked,' your empire has been attacked,6,31,False,False,False,0.0,-0.4588,flat_delivery_candidate;short_ambiguous_candidate,
test-00151,and by revealing i mean not at all not even in the least,2,M1;M6,not_sarcastic,sarcastic,sarcastic,sarcastic,sarcastic,not_sarcastic,that is not revealing,it's showing way too much,and by revealing i mean at all even in the least,that wasn't a surprise at all,i am being secretive,13,56,False,False,False,0.0,0.0,flat_delivery_candidate,
test-00135,as soon as someone is identified as an unsung hero he no longer is,2,M1;M6,not_sarcastic,sarcastic,sarcastic,sarcastic,sarcastic,not_sarcastic,as soon as someone is identified as an unsung hero he no longer is,as soon as someone is identified as an unsung hero he no longer is,as soon as someone is identified as an unsung hero he no longer is,as soon as someone is identified as an unsung hero he no longer is,as soon as someone is identified as an unsung hero he no longer is,14,66,False,False,False,0.0,0.34,flat_delivery_candidate;positive_surface_wording_candidate,
test-00131,at least it's great weather to be driving to cambridge in,2,M5;M6,sarcastic,sarcastic,sarcastic,sarcastic,not_sarcastic,not_sarcastic,the weather sucks,the weather sucks bad,at least it's bad weather to be driving to cambridge in,the weather isn't great today,worst weather to be driving to cambridge,11,57,False,False,False,0.0,0.6249,flat_delivery_candidate;positive_surface_wording_candidate,
test-00136,as a twenty fiveyearold woman there's nothing i'd rather be doing in a sunday than cleaning the kitchen bins and fridge,2,M5;M6,sarcastic,sarcastic,sarcastic,sarcastic,not_sarcastic,not_sarcastic,i'm not excited about cleaning on a sunday,i'd rather be going out than cleaning,as a twenty fiveyearold woman i'd rather anything rather than cleaning the kitchen bins and fridge,i hate cleaning i think it's beneath me because i'm young,as a 25 yearold woman i hate cleaning kitchen bins and fridge,21,119,False,False,False,0.0,0.0,flat_delivery_candidate,
test-00138,are there any pictures that exist showing ali with the beatles ? if so please tweet as i have not seen any at all today,2,M1;M6,not_sarcastic,sarcastic,sarcastic,sarcastic,sarcastic,not_sarcastic,i have seen many pictures of ali with the beatles today,i have seen the same photo over and over stop it,everyone shows pictures of ali with the beatles please stop tweeting them as i have seen them all today,when someone dies everyone does the same thing talk about being original,everyone shows the same pictures of ali with the beatles please stop tweeting them as i have seen them all today,25,119,True,False,False,0.0,0.4572,rhetorical_question_candidate;positive_surface_wording_candidate;long_context_dependent_candidate,
test-00256,don't rush me i'm waiting for the last minute,2,M4;M6,sarcastic,sarcastic,sarcastic,not_sarcastic,sarcastic,not_sarcastic,don't rush me i'm waiting for the last minute,don't rush me i'm waiting for the last minute,rush me i'm not waiting for the last minute,i do better under pressure,don't rush me i'm waiting for the last minute,9,45,False,False,False,0.0,0.0,flat_delivery_candidate,
test-00264,and also dont get me started on tanks soon we can buy tanks as well so many things that we have at our side,2,M5;M6,sarcastic,sarcastic,sarcastic,sarcastic,not_sarcastic,not_sarcastic,and also dont get me started on tanks soon we can buy tanks as well so many things that we have at our side,and also dont get me started on tanks soon we can buy tanks as well so many things that we have at our side,and also dont get me started on tanks soon we can buy tanks as well so many things that we have at our side,and also dont get me started on tanks soon we can buy tanks as well so many things that we have at our side,and also dont get me started on tanks soon we can buy tanks as well so many things that we have at our side,24,107,False,False,False,0.0,0.2732,flat_delivery_candidate,
test-00147,another injured angels starter would be fantastic,2,M1;M5,not_sarcastic,sarcastic,sarcastic,sarcastic,not_sarcastic,sarcastic,we don't need any more injuries,we don't need another injured angels starter we have enough,another injured angels starter would be very bad,the angels can't afford to lose another starter,another injured angels starter would be disgusting,7,49,False,False,False,0.0,0.2263,flat_delivery_candidate,
test-00126,audits are a blast to do,2,M1;M6,not_sarcastic,sarcastic,sarcastic,sarcastic,sarcastic,not_sarcastic,audits suck,audits are draining my will to live,audits are not a blast to do,i hate doing audits,i hate doing audits,6,24,False,False,False,0.0,0.0,flat_delivery_candidate;short_ambiguous_candidate,
test-00113,because there's so much virtue to begin with in bigtime college athletics,2,M5;M6,sarcastic,sarcastic,sarcastic,sarcastic,not_sarcastic,not_sarcastic,big time college athletics are not virtuous,there is no virtue in college sport,because there's not much virtue to begin with in bigtime college athletics,college athletes are sketchy people,because there's not much virtue to begin with in bigtime college athletics,12,73,False,False,False,0.0,0.4728,flat_delivery_candidate;positive_surface_wording_candidate,
test-00173,ah yes no way this psycho would have committed this crime if guns were illegal banning guns definitely would've prevented this,2,M1;M6,not_sarcastic,sarcastic,sarcastic,sarcastic,sarcastic,not_sarcastic,gun laws would not have prevented orlando,banning guns wouldn't have prevented a crazy person,this psycho would have committed this crime if guns were illegal banning guns definitely wouldn't prevent this,he would have found some way to kill people even if he didn't have a gun,not the gun but the person was a psycho,21,126,False,False,False,0.0,-0.5147,flat_delivery_candidate,
test-00153,amazing first lap such a shame my favorite german is down to 10 th,2,M1;M6,not_sarcastic,sarcastic,sarcastic,sarcastic,sarcastic,not_sarcastic,terrible first lap happy that my least favorite german is down to 10 th,i'm glad that german fell to 10 th place,boring first lap so happy my non favorite german is down to 10 th,this race is losing my interest,disgusting first lap such happyness my lease favorite german is down to 10 th,14,66,False,False,False,0.0,0.5719,flat_delivery_candidate;positive_surface_wording_candidate,
test-00155,always be yourself except during job interviews the first couple months of relationships or any type of social interaction,2,M1;M6,not_sarcastic,sarcastic,sarcastic,sarcastic,sarcastic,not_sarcastic,always be yourself except during job interviews the first couple months of relationships or any type of social interaction,i am not comfortable being myself,never be yourself including during job interviews the first couple months of relationships or any type of social interaction,people say be yourself but never take their own advice,never be yourself especially during job interviews the first couple months of relationships or any type of social interaction,19,122,False,False,False,0.0,0.0,flat_delivery_candidate,
test-00166,alison pearson what a splendid human being,2,M1;M6,not_sarcastic,sarcastic,sarcastic,sarcastic,sarcastic,not_sarcastic,alison pearson is not a good person,alison pearson is a piece of human garbage,alison pearson what a terrible human being,alison pearson is a terrible person,alison pearson is a jerk,7,42,False,False,False,0.0,0.5859,flat_delivery_candidate;positive_surface_wording_candidate,
test-00180,a short haiku it is 6 06 i have an exam today it is in 3 hours hooray for saturday exams at uni,2,M1;M6,not_sarcastic,sarcastic,sarcastic,sarcastic,sarcastic,not_sarcastic,a short haiku it is 6 06 i have an exam today it is in 3 hours saturday exams at uni suck,a short haiku it is 6 06 i have an exam today it is in 3 hours saturday exams at uni are the worst,a short haiku it is 6 06 i have an exam today it is in 3 hours damn for saturday exams at uni,a short haiku it is 6 06 i have an exam today it is in 3 hours hate saturday exams at uni,a short haiku it is 6 06 i have an exam today it is in 3 hours damn the saturday exams at uni,23,95,False,False,False,0.0,0.5106,flat_delivery_candidate;positive_surface_wording_candidate,
test-00188,a day trip to saudi arabia there's nice,2,M5;M6,sarcastic,sarcastic,sarcastic,sarcastic,not_sarcastic,not_sarcastic,a day trip to saudi arabia there's not nice,a day trip to saudi arabia there's aweful,a day trip to saudi arabia there's unpleasant,a day trip to saudi arabia aweful,a day trip to saudi arabia aweful,8,39,False,False,False,0.0,0.4215,flat_delivery_candidate;positive_surface_wording_candidate,
test-00191,a beautiful start to the week lots of happy smiling people going to ldn today,2,M5;M6,sarcastic,sarcastic,sarcastic,sarcastic,not_sarcastic,not_sarcastic,unhappy people going to ldn today,everyone looked super upset and i want to be anywhere else,a worst start to the week lots of sad people going to ldn today,an ugly start to the week lots of sad people going to ldn today,such an annoying start to the week seeing sad people going to ldn,15,77,False,False,False,0.0,0.891,flat_delivery_candidate;positive_surface_wording_candidate,
test-00192,a commander in chief that flees from a bit of protest has now driven fear in the hearts of our nation's enemies across the world,2,M1;M6,not_sarcastic,sarcastic,sarcastic,sarcastic,sarcastic,not_sarcastic,a commander in chief that flees from a bit of protest has now emboldened our nation's enemies across the world,obama is doing his job,a commander in chief that flees from a bit of protest has now driven joy in the hearts of our nation's enemies across the world,a commander in chief that flees from a bit of protest has now driven fear in the hearts of our nation's enemies across the world,a commander in chief that flees from a bit of protest has now driven fear in the hearts of our nation's enemies across the world,25,128,False,False,False,0.0,-0.8442,flat_delivery_candidate;long_context_dependent_candidate,
test-00202,30 mins to move 200 yds this is a fun journey home,2,M1;M6,not_sarcastic,sarcastic,sarcastic,sarcastic,sarcastic,not_sarcastic,this trip home is going slow,this traffic is horrible it's taking forever to get home,30 mins to move 200 yds this is not a fun journey home,traffic is bad,30 mins to move 200 yds this is a tiring journey back to home,12,50,False,False,False,0.0,0.5106,flat_delivery_candidate;positive_surface_wording_candidate,
test-00207,2 successive shootings in orlando has nothing to do with the accessibility of guns at all right ?,2,M1;M6,not_sarcastic,sarcastic,sarcastic,sarcastic,sarcastic,not_sarcastic,lack of gun control is why orlando happened,these shootings have everything to do with easy accessibility to guns,2 successive shootings in orlando have everything to do with the accessibility of guns at all right ?,2 successive shootings in orlando have everything to do with the accessibility of guns at all right ?,orlando shooing are direct result of free sell of guns,18,97,True,False,False,0.0,0.2732,rhetorical_question_candidate,
test-00249,minsan is so assuring,2,M5;M6,sarcastic,sarcastic,sarcastic,sarcastic,not_sarcastic,not_sarcastic,minsan is not reassuring,minsan is not reassuring,minsan is so bitching,i'm not comfortable with minsan,minsan is so disturbing,4,21,False,False,False,0.0,0.5214,flat_delivery_candidate;positive_surface_wording_candidate;short_ambiguous_candidate,
test-00212,fb wow the story of people not using social media last week really hurt the stock,2,M1;M6,not_sarcastic,sarcastic,sarcastic,sarcastic,sarcastic,not_sarcastic,the story about people not using social media didn't hurt the stock,the story about people not using social media didn't hurt facebook's stock at all,fb damn the story of people using social media last week really enjoyed the stock,fb the story of people not using social media last week didn't hurt the stock,fb the story of people not using social media last week didn't hurt the stock,16,81,False,False,False,0.0,0.0276,flat_delivery_candidate,
test-00248,scanning media is my favorite feature of android devices thank you,2,M5;M6,sarcastic,sarcastic,sarcastic,sarcastic,not_sarcastic,not_sarcastic,i don't like scanning media on android,i really dislike the scanning media feature on android devices,scanning media is my lease favorite feature of android devices,i hate the scanning media part of the android device,i hate the scanning media part of the android device,11,66,False,False,False,0.0,0.6705,flat_delivery_candidate;positive_surface_wording_candidate,
test-00217,he said i'm 20 and she is 16 but age is just a number me yeah jail is just a room,2,M1;M6,not_sarcastic,sarcastic,sarcastic,sarcastic,sarcastic,not_sarcastic,he said i'm 20 and she is 16 but age is just a number me yeah jail is not just a room,you're going to jail,he said i'm 20 and she is 16 but age is not just a number me yeah jail is not just a room,you're creepy and i'm letting you know,he said i'm 20 and she is 16 but age is just a number me yeah jail is just a room,21,81,False,False,False,0.0,0.5023,flat_delivery_candidate;positive_surface_wording_candidate,
test-00195,645 my favourite time to wake up on a saturday,2,M5;M6,sarcastic,sarcastic,sarcastic,sarcastic,not_sarcastic,not_sarcastic,645 my least favourite time to wake up on a saturday,6 45 is the worst time to wake up on a saturday,645 most annoying time to wake up on a saturday,645 worst time to wake up on a saturday,645 worst time to wake up on a saturday,10,46,False,False,False,0.0,0.0,flat_delivery_candidate,
test-00265,if i were to describe myself in one word it would be doesnt follow directions,2,M1;M6,not_sarcastic,sarcastic,sarcastic,sarcastic,sarcastic,not_sarcastic,if i were to describe myself in one word it would be doesnt follow directions,if i were to describe myself in one word it would be doesnt follow directions,if i were to describe myself in one word it would be doesnt follow directions,if i were to describe myself in one word it would be doesnt follow directions,if i were to describe myself in one word it would be doesnt follow directions,15,77,False,False,False,0.0,0.0,flat_delivery_candidate,
test-00056,chase utley is ny's most popular visiting player,2,M1;M6,not_sarcastic,sarcastic,sarcastic,sarcastic,sarcastic,not_sarcastic,chase utley is not new york's most popular visiting player,chase utley is hated in ny,chase utley is ny's most unpopular visiting player,chase is not as popular as he thinks,chase utley is ny's most hated visiting player,8,48,False,False,False,0.0,0.4754,flat_delivery_candidate;positive_surface_wording_candidate,
test-00071,can you please refrain from singing ? this is a work place not a singing competition,2,M2;M4,sarcastic,not_sarcastic,sarcastic,not_sarcastic,sarcastic,sarcastic,can you please refrain from singing ? this is a work place not a singing competition,can you please refrain from singing ? this is a work place not a singing competition,can you please persist from singing ? this is not a work place a singing competition,i hate people singing at work,stop singing you are driving me crazy,16,84,True,False,False,0.0,0.3182,rhetorical_question_candidate;positive_surface_wording_candidate,
test-00022,deleted 94 scenes from udta punjab now the trailer is longer than the movie,2,M1;M6,not_sarcastic,sarcastic,sarcastic,sarcastic,sarcastic,not_sarcastic,the movie is short after so many scenes were deleted,deleted 94 scenes from udta punjab now the trailer is longer than the movie,added 94 scenes from udta punjab now the trailer is shorter than the movie,deleted 94 scenes from udta punjab now the trailer is longer than the movie,deleted 94 scenes from udta punjab now the trailer is longer than the movie,14,75,False,False,False,0.0,0.0,flat_delivery_candidate,
test-00061,cavs aren't getting any calls this is new,2,M1;M6,not_sarcastic,sarcastic,sarcastic,sarcastic,sarcastic,not_sarcastic,cavs aren't getting any calls as usual,cavs usually get all the calls,cavs aren't getting any calls as usual,cavs usually don't get calls,cavs aren't getting any calls the same old thing,8,41,False,False,False,0.0,0.0,flat_delivery_candidate,
test-00027,deadpool is my vibe tonight,2,M5;M6,sarcastic,sarcastic,sarcastic,sarcastic,not_sarcastic,not_sarcastic,deadpool is not my vibe tonight,i'm not in the mood for deadpool,deadpool is nowhere vibe tonight,deadpool is not my vibe today,deadpool is not my vibe today,5,27,False,False,False,0.0,0.0,flat_delivery_candidate;short_ambiguous_candidate,
test-00079,but yeah the east is good too and not a total joke,2,M5;M6,sarcastic,sarcastic,sarcastic,sarcastic,not_sarcastic,not_sarcastic,the east is bad and a total joke,the east is horrible and a joke,but yeah the east is annoying too and a total joke,the east is not my favorite part to visit,east is the worst place,12,50,False,False,False,0.0,0.6506,flat_delivery_candidate;positive_surface_wording_candidate,
test-00030,dat last half an hour before your two days off though,2,M3;M5,sarcastic,sarcastic,not_sarcastic,sarcastic,not_sarcastic,sarcastic,dat last half an hour before your two days off though,the day has flown by,dat last half an hour before your two days not off though,i can't wait for my days off,dat last half an hour before your two days off though,11,53,False,False,False,0.0,0.0,flat_delivery_candidate,
test-00082,but sometimes they just deserve my snarky comments they really do,2,M1;M6,not_sarcastic,sarcastic,sarcastic,sarcastic,sarcastic,not_sarcastic,but sometimes they just deserve my snarky comments they really do,they don't deserve my snarky comments,but sometimes they don t deserve my snarky comments they really don t,i like to anger people with my sarcasm because i think they deserve it,but sometimes they just deserve my snarky comments they really do,11,65,False,False,False,0.0,0.0,flat_delivery_candidate,
test-00058,champions league quality header by jermaine jones there,2,M5;M6,sarcastic,sarcastic,sarcastic,sarcastic,not_sarcastic,not_sarcastic,that was a bad header,jones screwed that header up pretty bad,champions league waste header by jermaine jones there,this guy doesn't live up to the hype,jermaine jones is a worst header of champions league,8,55,False,False,False,0.0,0.5267,flat_delivery_candidate;positive_surface_wording_candidate,
test-00012,don't get me wrong i love my friends and family i would give up my life for them what a life,2,M5;M6,sarcastic,sarcastic,sarcastic,sarcastic,not_sarcastic,not_sarcastic,don't get me wrong i love my friends and family but wouldn't give up my life for them,everyone should drive themselves and stay of the living hell that is public transport,i would give my life for them,my life isn't what i was expecting,i would hate giving up my life to my friends and family,21,92,False,False,False,0.0,0.8706,flat_delivery_candidate;positive_surface_wording_candidate,
test-00074,can this week get any better ?,2,M3;M4,sarcastic,sarcastic,not_sarcastic,not_sarcastic,sarcastic,sarcastic,can this week get any worse,this week is getting worse,can this week get any worst ?,the week is rough,this week has been the worst,7,30,True,False,False,0.0,0.4404,rhetorical_question_candidate;positive_surface_wording_candidate,
test-00042,comcast flat refuses to change my network traffic routing glad to see their end product has improved,2,M1;M6,not_sarcastic,sarcastic,sarcastic,sarcastic,sarcastic,not_sarcastic,comcast's product has not improved,their end product has not improved,comcast flat doesn t refuse to change my network traffic routing annoyed to see their end product has improved,comcast flat refuses to change my network traffic routing their end product hasn't improved,disgusted with comcast,17,100,False,False,False,0.0,0.7269,flat_delivery_candidate;positive_surface_wording_candidate,
test-00051,clean files and saw notes from old job my supervisor at the time taught me so much how to not treat people i should thank him,2,M5;M6,sarcastic,sarcastic,sarcastic,sarcastic,not_sarcastic,not_sarcastic,clean files and saw notes from old job my supervisor at the time taught me so much how to not treat people i should thank him,i shouldn't thank him he was horrible,clean files and saw notes from old job my supervisor at the time taught me so much how to not treat people i should thank him,my supervisor wasn't helpful,clean files and saw notes from old job my supervisor at the time taught me so much how to not treat people i should thank him,26,125,False,False,False,0.0,0.4482,flat_delivery_candidate;positive_surface_wording_candidate;long_context_dependent_candidate,
test-00004,draymond what a player,2,M5;M6,sarcastic,sarcastic,sarcastic,sarcastic,not_sarcastic,not_sarcastic,draymond is not a good player,draymond is a shit player,draymond what a worse player,draymond what a bad player,draymond what a bad player,4,22,False,False,False,0.0,0.0,flat_delivery_candidate;short_ambiguous_candidate,
test-00206,2 sunburnt shoulders get in,1,M5,sarcastic,sarcastic,sarcastic,sarcastic,not_sarcastic,sarcastic,not excited about my sunburn,2 sunburnt shoulders get in,2 sunburnt shoulders bummer,i hate getting sunburned,2 sunburnt shoulders get in,5,27,False,False,False,0.0,0.0,flat_delivery_candidate;short_ambiguous_candidate,
test-00041,commuting is fun,1,M5,sarcastic,sarcastic,sarcastic,sarcastic,not_sarcastic,sarcastic,commuting is not fun,commuting is not fun,commuting is not fun,i hate commuting,i hate commuting,3,16,False,False,False,0.0,0.5106,flat_delivery_candidate;positive_surface_wording_candidate;short_ambiguous_candidate,
test-00205,2 20 am is the perfect time to have the urge to write,1,M1,not_sarcastic,sarcastic,sarcastic,sarcastic,sarcastic,sarcastic,2 20 am is not a good time to have the urge to write,2 20 am is the worst time to have the urge to write,2 20 am is the worst time to have the urge to write,2 20 am is the worst time to have the urge to write,2 20 am is the worst time to have the urge to write,13,53,False,False,False,0.0,0.5719,flat_delivery_candidate;positive_surface_wording_candidate,
test-00033,curry must be hurt,1,M5,sarcastic,sarcastic,sarcastic,sarcastic,not_sarcastic,sarcastic,curry is not hurt,curry is owning this game,curry must not be hurt,nba players are bad actors,i guess curry can never be hurt,4,18,False,False,False,0.0,-0.5267,flat_delivery_candidate;short_ambiguous_candidate,
test-00210,1 hit yankee wins are the best wins,1,M6,sarcastic,sarcastic,sarcastic,sarcastic,sarcastic,not_sarcastic,1 hit yankee wins suck,i wasn't happy with the game turnout,1 hit yankee losers are the worse wins,this yankee game was so boring,1 hit yankee wins are the worse wins,8,35,False,False,False,0.0,0.9118,flat_delivery_candidate;positive_surface_wording_candidate,
test-00201,4 fouls totally uncharacteristic of him he doesn't get to the line what use he is,1,M6,sarcastic,sarcastic,sarcastic,sarcastic,sarcastic,not_sarcastic,4 fouls totally characteristic of him,this player is always horrible and useless,4 fouls totally uncharacteristic of him he does get to the line what use he is,this player is not working out,4 fouls totally uncharacteristic of him he doesn't get to the line what use he is,16,81,False,False,False,0.0,0.0,flat_delivery_candidate,
test-00199,4 5 absolutely wonderful thank you roosters,1,M6,sarcastic,sarcastic,sarcastic,sarcastic,sarcastic,not_sarcastic,4 5 absolutely aweful thank you roosters,horrible fuck you roosters,4 5 absolutely aweful thank you roosters,4 5 absolutely terrible hate you roosters,4 5 absolutely terrible hate you roosters,7,43,False,False,False,0.0,0.7764,flat_delivery_candidate;positive_surface_wording_candidate,
test-00198,5 hours sleep for a 45 hour drive for this possibly life changing interview thanks cavs for making it worth staying up late,1,M1,not_sarcastic,sarcastic,sarcastic,sarcastic,sarcastic,sarcastic,5 hours sleep for a 45 hour drive for this boring interview thanks cavs for not making it worth staying up late,i stayed up watching my team lose and i have an important interview tomorrow,5 hours sleep for a 45 hour drive for this possibly most annoying interview of life thanks cavs for not making it worth staying up late,i got sucked in watching the basketball game,5 hours sleep for a 45 hour drive for this uninteresting interview,23,123,False,False,False,0.0,0.5859,flat_delivery_candidate;positive_surface_wording_candidate,
test-00028,day 3 at reception we're a day behind schedule lovely,1,M1,not_sarcastic,sarcastic,sarcastic,sarcastic,sarcastic,sarcastic,day 3 at reception we're a day behind schedule that sucks,i can't believe we are already behind,day 3 at reception we're a day behind schedule freaking aweful,i hate when things get behind schedule,hate it it's the third day and we are already running a day late in our schedule,10,53,False,False,False,0.0,0.5859,flat_delivery_candidate;positive_surface_wording_candidate,
test-00196,6 0 run in 2 07 ? yea thats totally impressive,1,M6,sarcastic,sarcastic,sarcastic,sarcastic,sarcastic,not_sarcastic,6 0 run in 2 07 is not impressive,6 0 run in 2 07 ? yea thats unimpressive,6 0 run in 2 07 ? yea thats totally unimpressive,i hate blowouts,6 0 run in 2 07 ? yea thats totally unimpressive,11,46,True,False,False,0.0,0.5563,rhetorical_question_candidate;positive_surface_wording_candidate,
test-00044,cmg came back to 400 what a surprise,1,M6,sarcastic,sarcastic,sarcastic,sarcastic,sarcastic,not_sarcastic,cmg is 400 no surprise,i'm not surprised by the cmg price change,cmg came back to 400 no surprise,cmg is 400 no surprise,i knew cmg would come back to 400,8,36,False,False,False,0.0,0.2732,flat_delivery_candidate,
test-00026,dear at amp t amp samsung i'm so glad i have zero storage for my things my 32 gb phone thanks to the useless apps i can't uninstall,1,M6,sarcastic,sarcastic,sarcastic,sarcastic,sarcastic,not_sarcastic,i want to be able to get rid of apps on my phone,preloaded apps are clogging up my phone you suck samsung,dear at amp t amp samsung i'm so sad i have zero storage for my things my 32 gb phone thanks to the useless apps i can uninstall,my cell plan is a nightmare,dear at amp t amp samsung i'm so glad i have zero storage for my things my 32 gb phone thanks to the useless apps i can't uninstall,28,131,False,False,False,0.0,0.7626,flat_delivery_candidate;positive_surface_wording_candidate;long_context_dependent_candidate,
test-00101,big thanks to my elem teachers for which i learned what apple looks like,1,M6,sarcastic,sarcastic,sarcastic,sarcastic,sarcastic,not_sarcastic,my elementary teachers did not teach me much,i already knew that they were bad teachers,thankless to my elem teachers for which i only learned what apple looks like,elementary school teacher don't teach me anything,my elem teachers for which i learned what apple looks like,14,72,False,False,False,0.0,0.6597,flat_delivery_candidate;positive_surface_wording_candidate,
test-00018,did you see how the yankees manufactured that run from a leadoff double ? that was amazing,1,M6,sarcastic,sarcastic,sarcastic,sarcastic,sarcastic,not_sarcastic,the yankees failed to manufacture a run off of that double,my team did not need that play to happen,did you see how the yankees manufactured that run from a leadoff double ? that was so bad,the yankees are a mess,did you see how the yankees manufactured that run from a leadoff double ? that was disgusting,17,90,True,False,False,0.0,0.5859,rhetorical_question_candidate;positive_surface_wording_candidate,
test-00021,dentists make money off of people with bad teeth so should we really trust the toothpaste they recommend ?,1,M6,sarcastic,sarcastic,sarcastic,sarcastic,sarcastic,not_sarcastic,we shouldn't trust dentist,they want us to have bad teeth so we go back to them,dentists don t make money off of people with bad teeth so should we not really trust the toothpaste they recommend ?,why do dentist recomment good things ? isn't that bad for buisness ?,dentists make money off of people with bad teeth so should we really trust the toothpaste they recommend ?,19,106,True,False,False,0.0,0.3804,rhetorical_question_candidate;positive_surface_wording_candidate,
test-00048,clear example they made of sharapova then ey ?,1,M1,not_sarcastic,sarcastic,sarcastic,sarcastic,sarcastic,sarcastic,they didn't make a clear example from sharapova,the sharapova case didn't have a clear and present outcome,they didn't make a clear example from sharapova,clear example they made of sharapova then,clear example they made of sharapova then,9,46,True,False,False,0.0,0.3818,rhetorical_question_candidate;positive_surface_wording_candidate,
test-00263,the big hash tag was in case you were wondering,1,M5,sarcastic,sarcastic,sarcastic,sarcastic,not_sarcastic,sarcastic,the big hash tag was in case you were wondering,the big hash tag was in case you were wondering,the big hashtag was sarcasm i know you didn't understand fuckhead,look at my wit,I'm being sarcastic,10,47,False,False,False,0.0,0.0,flat_delivery_candidate,
test-00262,and the winner of most pointless shift goes to today june 5 th 2016,1,M1,not_sarcastic,sarcastic,sarcastic,sarcastic,sarcastic,sarcastic,today was the most pointless shift,it was a very uneventful day,and the winner of most pointless shift goes to today june 5 th 2016,today at work felt so pointless,and the winner of most pointless shift goes to today june 5 th 2016,14,67,False,False,False,0.0,0.5859,flat_delivery_candidate;positive_surface_wording_candidate,
test-00005,dozier hitting 3 rd ? makes sense,1,M5,sarcastic,sarcastic,sarcastic,sarcastic,not_sarcastic,sarcastic,dozier shouldn't be hitting 3 rd,how does he do it ?,dozier hitting 3 rd ? doesn t make sense,dozier hitting 3 rd ? doesn t make sense,nonsense dosier hitting 3 rd,7,33,True,False,False,0.0,0.0,rhetorical_question_candidate,
test-00008,don't you feel sad when people slowly walk away from your life when you actually want them to run,1,M6,sarcastic,sarcastic,sarcastic,sarcastic,sarcastic,not_sarcastic,when people exit your life you would like them to do it quicker,i'm happy that the toxic people in my life are gone,i feel sad when people people walk away slowly from my life when i want them to run away,i'm glad they're out of my life but secretly i'm not okay with it,don't you feel sad when people slowly walk away from your life when you actually want them to run,19,97,False,False,False,0.0,0.4318,flat_delivery_candidate;positive_surface_wording_candidate,
test-00010,don't worry bochy give posey hat rest he needs since he's getting up in age,1,M5,sarcastic,sarcastic,sarcastic,sarcastic,not_sarcastic,sarcastic,don't give posey a rest he's still young,don't rest posey hat what are you doing ?,don't worry bochy give posey hat rest he needs since he's getting up in age,bochy should be retired by now,don't worry bochy give posey hat rest he needs since he's getting up in age,15,75,False,False,False,0.0,0.3412,flat_delivery_candidate;positive_surface_wording_candidate,
test-00011,don't get why people say you need 6 8 hours of sleep a night i've been going on 2 or less for months now amp it's going great,1,M6,sarcastic,sarcastic,sarcastic,sarcastic,sarcastic,not_sarcastic,i need more sleep,i totally get why people say you need 6 8 hours of sleep a night i've been going on 2 or less for months now amp it's going terrible,i totally get why people say you need 6 8 hours of sleep a night i've been going on 2 or less for months now amp it's going terrible,i'm not sleeping well,don't get why people say you need 6 8 hours of sleep a night i've been going on 2 or less for months now i understood that now,28,125,False,False,False,0.0,0.6249,flat_delivery_candidate;positive_surface_wording_candidate;long_context_dependent_candidate,
test-00247,the cav's are more rested and better prepared than the warriors cav's will win this series they sure look prepared and rested,1,M6,sarcastic,sarcastic,sarcastic,sarcastic,sarcastic,not_sarcastic,the cav's are more rested and better prepared than the warriors cav's will win this series they don't look prepared and rested,the cav's are more rested and better prepared than the warriors cav's will win this series they are not prepared and rested,the cav's are more active and better unprepared than the warriors cav's will loose this series they sure do not look prepared and rested,the cav's are more rested and better prepared than the warriors cav's will win this series they sure look sloppy,the cav's are more rested and better prepared than the warriors cav's will win this series they don't look prepared and rested,22,125,False,False,False,0.0,0.9014,flat_delivery_candidate;positive_surface_wording_candidate,
test-00244,we'll regroup in cuba bernie,1,M6,sarcastic,sarcastic,sarcastic,sarcastic,sarcastic,not_sarcastic,we'll regroup in cuba bernie,we'll regroup in cuba bernie,we'll regroup in cuba bernie,we'll regroup in cuba bernie,we'll regroup in cuba bernie,5,28,False,False,False,0.0,0.0,flat_delivery_candidate;short_ambiguous_candidate,
test-00243,where can i download motivation ?,1,M6,sarcastic,sarcastic,sarcastic,sarcastic,sarcastic,not_sarcastic,i am lazy,i'm completely without motivation,i need to find motivation,i'm lazy,lack of motivation,6,33,True,False,False,0.0,0.34,rhetorical_question_candidate;positive_surface_wording_candidate;short_ambiguous_candidate,
test-00241,yes pretty much but they're lesbians together they did them both so wrong in the p c n52 run,1,M1,not_sarcastic,sarcastic,sarcastic,sarcastic,sarcastic,sarcastic,yes pretty much but they're lesbians together they did them both so wrong in the p c n52 run,they are not lesbians,yes pretty much but they're lesbians together they did them both so wrong in the p c n52 run,yes pretty much but they're lesbians together they did them both so wrong in the p c n52 run,yes pretty much but they're lesbians together they did them both so wrong in the p c n52 run,19,92,False,False,False,0.0,-0.5479,flat_delivery_candidate,
test-00236,oh spoilers nice thanks guys i was gonna make the hour drive to the comic shop no reason to now,1,M6,sarcastic,sarcastic,sarcastic,sarcastic,sarcastic,not_sarcastic,i don't appreciate spoilers,no i hate spoilers,oh spoilers aweful thanks guys i was gonna make the hour drive to the comic shop no reason to now,i hate people spoiling things for me,i hate spoilers,20,95,False,False,False,0.0,0.5423,flat_delivery_candidate;positive_surface_wording_candidate,
test-00233,clearly lgbt people in bathrooms are a danger to public safety definitely not the people that shoot innocent club patrons,1,M1,not_sarcastic,sarcastic,sarcastic,sarcastic,sarcastic,sarcastic,shooters are the danger not lgbt in bathrooms,the focus should be on the killers not someone's sexual preference,lgbt people in bathrooms are not danger to public safety definitely the people that shoot innocent club patrons,people need to get their priorities straight when addressing issues,lgbt people are innocent they are criminalized by society,20,121,False,False,False,0.0,0.5859,flat_delivery_candidate;positive_surface_wording_candidate,
test-00232,i jst ordered some vat and service tax and surprisingly got a pizza free,1,M6,sarcastic,sarcastic,sarcastic,sarcastic,sarcastic,not_sarcastic,the tax on that pizza was high,way too much tax on this pizza,the tax on that pizza was high,pizza is getting expensive,the pizza is cheaper than the service tax and vat put together,14,72,False,False,False,0.0,0.6705,flat_delivery_candidate;positive_surface_wording_candidate,
test-00013,does seattle bean fielder for celebrating and carrying the bat halfway to first,1,M5,sarcastic,sarcastic,sarcastic,sarcastic,not_sarcastic,sarcastic,seattle beaned fielder for carrying his bat to 1 st,seattle beaned fielder for carrying his bat to 1 st,does seattle bean fielder for celebrating and carrying the bat halfway to first,does seattle bean fielder for celebrating and carrying the bat halfway to first,does seattle bean fielder for celebrating and carrying the bat halfway to first,13,79,False,False,False,0.0,0.5719,flat_delivery_candidate;positive_surface_wording_candidate,
test-00229,is the body s natural defense against stupidity,1,M1,not_sarcastic,sarcastic,sarcastic,sarcastic,sarcastic,sarcastic,is the body s natural defense against stupidity,is the body s natural defense against stupidity,is the body s natural defense against stupidity,is the body s natural defense against stupidity,is the body s natural defense against stupidity,8,47,False,False,False,0.0,0.0258,flat_delivery_candidate,
test-00228,may be the cheapest form of humor but it's still the best value,1,M1,not_sarcastic,sarcastic,sarcastic,sarcastic,sarcastic,sarcastic,may be the cheapest form of humor but it's still the best value,may be the cheapest form of humor but it's still the best value,may be the cheapest form of humor but it's still the best value,i like to use sarcasm,may be the cheapest form of humor but it's still the best value,13,63,False,False,False,0.0,0.8873,flat_delivery_candidate;positive_surface_wording_candidate,
test-00226,on the one where i said most intelligent oeople vote for trump,1,M1,not_sarcastic,sarcastic,sarcastic,sarcastic,sarcastic,sarcastic,lease intelligent people vote for trump,stupidest people vote for trump,stupidest people vote for trump,trump supporters are dumb,less intelligent people vote for trump,12,62,False,False,False,0.0,0.5095,flat_delivery_candidate;positive_surface_wording_candidate,
test-00225,please don't think i'm an ass hat,1,M1,not_sarcastic,sarcastic,sarcastic,sarcastic,sarcastic,sarcastic,i don't care if you think i'm an ass hat,i don't care if you think i'm an ass hat,please do think i'm an ass hat,i want you to think i'm an ass hat,i don't care if you think i'm an ass hat,7,33,False,False,False,0.0,-0.296,flat_delivery_candidate,
test-00016,didn't watch the bachelor but i'm so glad everyone tweeted about it so i know what's going on,1,M6,sarcastic,sarcastic,sarcastic,sarcastic,sarcastic,not_sarcastic,i'm not happy that everyone tweeted the bachelor results,i don't care what's going on on the bachelor,didn't watch the bachelor don't care everyone tweeted about it so i know what's going on,i don't care to watch or know anything about the bachelor,you don't need to watch bachelor to get an update the tweets do that part,18,93,False,False,False,0.0,0.743,flat_delivery_candidate;positive_surface_wording_candidate,
test-00193,96 degrees one of the great benefits of living in california,1,M6,sarcastic,sarcastic,sarcastic,sarcastic,sarcastic,not_sarcastic,96 degrees one of the worst pars of living in california,96 degrees one of my least favorite part of living in california,96 degrees one of the worst part of living in california,96 degrees california is too hot for me,96 degrees california is burning,11,60,False,False,False,0.0,0.7717,flat_delivery_candidate;positive_surface_wording_candidate,
test-00184,a hate crime against sexual orientation of course nothing in the usa over the last 12 mths gave oxygen to his views,1,M1,not_sarcastic,sarcastic,sarcastic,sarcastic,sarcastic,sarcastic,the usa promoted the hate crime,a culture of hatred causes violence,a hate crime against sexual orientation of course nothing in the usa over the last 12 mths gave oxygen to his views,a hate crime against sexual orientation of course nothing in the usa over the last 12 mths gave oxygen to his views,crime against sexual orientation is a nuisance,22,115,False,False,False,0.0,-0.802,flat_delivery_candidate,
test-00050,cleaning the bathroom what joy i feel,1,M6,sarcastic,sarcastic,sarcastic,sarcastic,sarcastic,not_sarcastic,cleaning the bathroom is no fun,cleaning the bathroom sucks,cleaning the bathroom really annoying,i hate cleaning the bathroom,i hate cleaning the bathroom,7,37,False,False,False,0.0,0.5859,flat_delivery_candidate;positive_surface_wording_candidate,
test-00139,are people really blaming the black community for orlando ? those black people just sitting there being black unbelievable,1,M6,sarcastic,sarcastic,sarcastic,sarcastic,sarcastic,not_sarcastic,black people should not be blamed for orlando,it's believable that some horrible people are blaming black people for what happened,are people blaming the black community for orlando ? unbelievable,it doesn't matter what the black community does racists will blame them for anything,are people really blaming the black community for orlando ? terrible,19,122,True,False,False,0.0,-0.4005,rhetorical_question_candidate,
test-00081,but thanks for speaking so highly of me you've always been the type of person i could count on,1,M6,sarcastic,sarcastic,sarcastic,sarcastic,sarcastic,not_sarcastic,you spoke poorly of me and i can't count on you,i could never count on you and you just talk crap,but thanks for not speaking so highly of me you've not always been the type of person i could count on,i could never trust you,i knew i could never trust you,19,94,False,False,False,0.0,0.5927,flat_delivery_candidate;positive_surface_wording_candidate,
test-00132,at a padres game and i'm trying to explain the fascinating history of cannibalism i learned today to k he's never loved me more,1,M1,not_sarcastic,sarcastic,sarcastic,sarcastic,sarcastic,sarcastic,at a padres game and i'm trying to explain the fascinating history of cannibalism i learned today to k he's not interested,he was disgusted by my story,at a padres game and i'm trying to explain the fascinating history of cannibalism i learned today to k he's never loved me more,someone doesn't appreciate my small talk,at a padres game and i'm trying to explain the fascinating history of cannibalism i learned today to k he's never loved me more,24,127,False,False,False,0.0,0.091,flat_delivery_candidate,
test-00083,but remember guys our idiotic country believes people kill people so we're safe,1,M1,not_sarcastic,sarcastic,sarcastic,sarcastic,sarcastic,sarcastic,we're not safe,we're not safe,but remember guys our idiotic country doesn t believe people kill people so we're not safe,this country is dangerous,but remember guys our idiotic country believes people kill people so we're safe,13,79,False,False,False,0.0,-0.8474,flat_delivery_candidate,
test-00128,at the doctors with a broken wrist bone initial plan of action was just a heating pad yea that'll fix the bones,1,M6,sarcastic,sarcastic,sarcastic,sarcastic,sarcastic,not_sarcastic,a heating pad won't heal a broken wrist,a heating pad will not fix this broken bone,at the doctors with a broken wrist bone initial plan of action was not just a heating pad yea that'll not fix the bones,doctor's need to do their job better,broke my wrist bone need a doctor immediately,22,111,False,False,False,0.0,-0.4767,flat_delivery_candidate,
test-00084,but hey at least we have new markers,1,M5,sarcastic,sarcastic,sarcastic,sarcastic,not_sarcastic,sarcastic,these markers don't make anything any better,having new markers is the least of my concern,but hey at least we have not new markers,there is a lack of school supplies,these new markers don't mean anything,8,36,False,False,False,0.0,0.0,flat_delivery_candidate,
test-00085,but despite rumors of heat w del rio hhh would never be as petty mess with personal lives due to professional issues right ?,1,M1,not_sarcastic,sarcastic,sarcastic,sarcastic,sarcastic,sarcastic,triple h is petty and will bury del rio,triple h is petty and will bury del rio,but despite not of rumors of heat w del rio hhh would never be as petty mess with personal lives due to professional issues right ?,athletes get so hot headed,but despite rumors of heat w del rio hhh would never be as petty mess with personal lives due to professional issues right ?,24,124,True,False,False,0.0,-0.3318,rhetorical_question_candidate,
test-00124,b c im young its so many other girls guys out here why keep some 1 around who u actually had aconnection with ? that makes sense,1,M6,sarcastic,sarcastic,sarcastic,sarcastic,sarcastic,not_sarcastic,b c im young its so many other girls guys out here why keep some 1 around who u actually had aconnection with ? that makes sense,i'm getting bad excuses for no relationships,b c im young its so many other girls guys out here why keep some 1 around who u actually had aconnection with ? that makes sense,people don't understand my lifestyle,b c im young its so many other girls guys out here why keep some 1 around who u actually had aconnection with ? that makes sense,27,128,True,False,False,0.0,0.0,rhetorical_question_candidate;long_context_dependent_candidate,
test-00123,babies are so lucky they can sleep all day and still everyone loves them p,1,M6,sarcastic,sarcastic,sarcastic,sarcastic,sarcastic,not_sarcastic,babies are so lucky they can sleep all day and still everyone loves them p,i wish i could sleep all day and not get yelled at,babies are so lucky they can sleep all day and still everyone loves them p,babies got it easy,babies are so lucky they can sleep all day and still everyone loves them p,15,74,False,False,False,0.0,0.8083,flat_delivery_candidate;positive_surface_wording_candidate,
test-00120,bae is such a good singer,1,M5,sarcastic,sarcastic,sarcastic,sarcastic,not_sarcastic,sarcastic,bae is not a good singer,bae is such a bad singer,bae is such a bad singer,bae is such a bad singer,bae is such a bad singer,6,25,False,False,False,0.0,0.4404,flat_delivery_candidate;positive_surface_wording_candidate;short_ambiguous_candidate,
test-00118,based on the tweets on the ed sheeran trend it seems his fans are really quite intelligent,1,M1,not_sarcastic,sarcastic,sarcastic,sarcastic,sarcastic,sarcastic,based on the tweets on the ed sheeran trend it seems his fans are really not intelligent,according to my research ed sheeran fans are stupid,based on the tweets on the ed sheeran trend it seems his fans are really dumb,based on the tweets on the ed sheeran trend it seems his fans are really quite stupid,based on the tweets on the ed sheeran trend it seems his fans are really quite idiotic,17,90,False,False,False,0.0,0.5531,flat_delivery_candidate;positive_surface_wording_candidate,
test-00117,be influential by being an influencer that influences people's influencing in an influential way buy my book,1,M6,sarcastic,sarcastic,sarcastic,sarcastic,sarcastic,not_sarcastic,be influential by being an influencer that influences people's influencing in an influential way buy my book,be influential by being an influencer that influences people's influencing in an influential way buy my book,he used complicated sentences just to add beauty to his book for selling it,people just want others to fall for what they're selling,be influential by being an influencer that influences people's influencing in an influential way buy my book,17,108,False,False,False,0.0,0.7003,flat_delivery_candidate;positive_surface_wording_candidate,
test-00093,breaking news qpr are going to sign 40 year old robbie fowler and a lad called olly murs some cracking finishing today,1,M6,sarcastic,sarcastic,sarcastic,sarcastic,sarcastic,not_sarcastic,breaking news qpr are going to sign 40 year old robbie fowler and a lad called olly murs some crappy finishing today,these signings are a horrible idea,breaking news qpr are going to sign 40 year old robbie fowler and a lad called olly murs some boring finishing today,they signed some weird guys to the team,breaking news qpr are going to sign 40 year old robbie fowler and a lad called olly murs some cracking finishing today,22,118,False,False,False,0.0,0.0,flat_delivery_candidate,
test-00097,bless elizabeth proctor she's honestly a great woman ha,1,M6,sarcastic,sarcastic,sarcastic,sarcastic,sarcastic,not_sarcastic,elizabeth proctor is not a great woman,elizabeth proctor is a horrible woman,bless elizabeth proctor she's honestly an annoying woman ha,bless elizabeth proctor she's honestly a terrible woman ha,elizabeth proctor is honestly the worst woman,9,55,False,False,False,0.0,0.9062,flat_delivery_candidate;positive_surface_wording_candidate,
test-00110,being alone is always fun,1,M6,sarcastic,sarcastic,sarcastic,sarcastic,sarcastic,not_sarcastic,being alone sucks,being alone is never fun,being alone is not always fun,being alone is never fun,being alone is so boring,5,25,False,False,False,0.0,0.3182,flat_delivery_candidate;positive_surface_wording_candidate;short_ambiguous_candidate,
test-00107,being honest is difficult when ur friend swanking his imported item collection without realizing those all are made in china,1,M1,not_sarcastic,sarcastic,sarcastic,sarcastic,sarcastic,sarcastic,being honest is difficult when ur friend swanking his imported item collection without realizing those all are made in china,being honest is difficult when ur friend swanking his imported item collection without realizing those all are made in china,being honest is difficult when ur friend swanking his imported item collection without realizing those all are made in china,people don't like to hear the truth about things they like,being honest is difficult when ur friend swanking his imported item collection without realizing those all are made in china,20,124,False,False,False,0.0,0.6124,flat_delivery_candidate;positive_surface_wording_candidate,
test-00105,best long weekend ever,1,M5,sarcastic,sarcastic,sarcastic,sarcastic,not_sarcastic,sarcastic,worst long weekend ever,worst long weekend ever,worst long weekend ever,this weekend stunk,worst long weekend ever,4,22,False,False,False,0.0,0.6369,flat_delivery_candidate;positive_surface_wording_candidate;short_ambiguous_candidate,
test-00103,best pet of having to unexpectedly drive to austin ? driving through all the houston rain,1,M1,not_sarcastic,sarcastic,sarcastic,sarcastic,sarcastic,sarcastic,driving through houston in the rain sucks,i hate driving through houston in the rain,worst pet of having to unexpectedly drive to austin ? driving through all the houston rain,i hate driving through the rain,best pet of having to unexpectedly drive to austin ? driving through all the houston rain bummer,16,89,True,False,False,0.0,0.6369,rhetorical_question_candidate;positive_surface_wording_candidate,
test-00080,but whatever israel bathes in the blood of palestinians amirite ?,1,M5,sarcastic,sarcastic,sarcastic,sarcastic,not_sarcastic,sarcastic,israel doesn't bathe in the blood of palestinians,israel doesn't bathe in the blood of palestinians,israel doesn't bathe in the blood of palestinians,i pretend like i understand the israel conflict,but whatever israel bathes in the blood of palestinians,11,65,True,False,False,0.0,0.0,rhetorical_question_candidate,
test-00077,c'mon lady bitch about your stressful life some more everyone in this nail salon loves hearing your loud and annoying voice,1,M1,not_sarcastic,sarcastic,sarcastic,sarcastic,sarcastic,sarcastic,no one wants to hear you complain,people who think they are the centre of the universe are horrible,c'mon lady bitch about your mind blowing life some more everyone in this nail salon hates hearing your loud and lovely voice,i came to the nail salan to relax not hear about your problems,stop shouting you annoying lady nobody wants to hear about your life,21,123,False,False,False,0.0,-0.7269,flat_delivery_candidate,
test-00187,a film showing up in poor lights will be willingly passed by censor board because it will show up atleast in some lights,1,M6,sarcastic,sarcastic,sarcastic,sarcastic,sarcastic,not_sarcastic,a film showing up in poor lights will be willingly passed by censor board because it will show up atleast in some lights,a film showing up in poor lights will be willingly passed by censor board because it will show up atleast in some lights,a film showing up in poor lights will be willingly passed by censor board because it will show up atleast in some lights,up is a okay movie,a film showing up in poor lights will be willingly passed by censor board because it will show up atleast in some lights,23,120,False,False,False,0.0,-0.7269,flat_delivery_candidate,
test-00143,another summer weekend that's a blast,1,M6,sarcastic,sarcastic,sarcastic,sarcastic,sarcastic,not_sarcastic,another crappy summer weekend,another summer weekend that's going to be boring,another summer weekend that's not a blast,another summer weekend that's not blast,bummer another summer weekend that's a blast,6,37,False,False,False,0.0,0.0,flat_delivery_candidate;short_ambiguous_candidate,
test-00102,best relationship are the ones u don't communicate with each other,1,M1,not_sarcastic,sarcastic,sarcastic,sarcastic,sarcastic,sarcastic,worst relationship are the ones u don't communicate with each other,worst relationship is the one where you don't communicate,worst relationship are the ones communicate with each other,worst relationship are the ones u don't communicate with each other,terrible relationship are the ones u don't communicate with each other total shit,11,66,False,False,False,0.0,0.6369,flat_delivery_candidate;positive_surface_wording_candidate,
test-00182,a philosopher once said dat its btr to leave dan compromise so basically he meant dat agar na mile to angoor khatte hote hai,1,M6,sarcastic,sarcastic,sarcastic,sarcastic,sarcastic,not_sarcastic,a philosopher once said dat its btr to leave dan compromise so basically he meant dat agar na mile to angoor khatte hote hai,a philosopher once said dat its btr to leave dan compromise so basically he meant dat agar na mile to angoor khatte hote hai,a philosopher once said dat its btr to leave dan compromise so basically he meant dat agar na mile to angoor khatte hote hai,a philosopher once said dat its btr to leave dan compromise so basically he meant dat agar na mile to angoor khatte hote hai,a philosopher once said dat its btr to leave dan compromise so basically he meant dat agar na mile to angoor khatte hote hai,24,124,False,False,False,0.0,-0.0516,flat_delivery_candidate,
test-00053,choosing a player who has been out injured all season because he plays for arsenal is the first step for success drink beer instead,1,M1,not_sarcastic,sarcastic,sarcastic,sarcastic,sarcastic,sarcastic,choosing a player just because of his team is not a good idea,it's horrible to choose a player just because of who he used to play for,not choosing a player who has been out injured all season because he plays for arsenal is the first step for success drink beer instead,you shouldn't play him he's not ready,choosing a player who has been out injured all season because he plays for arsenal is the first step for downfall,24,131,False,False,False,0.0,0.4588,flat_delivery_candidate;positive_surface_wording_candidate,
test-00178,advertisers complain because we are the generation with less attention in history about 8 seconds i cannot imagine why,1,M1,not_sarcastic,sarcastic,sarcastic,sarcastic,sarcastic,sarcastic,advertisers complain because we are the generation with less attention in history about 8 seconds i think it's because of the ads,i think it's the advertisers fault that we have a short attention span,advertisers don t complain because we are the generation with more attention in history about 8 seconds i can imagine why,people need to stop being obsessed with their cellphones,the present generation is less attentive,19,118,False,False,False,0.0,-0.3612,flat_delivery_candidate,
test-00177,after being sick i'm making my return to working out this wednesday i'm sooo excited for another leg day,1,M6,sarcastic,sarcastic,sarcastic,sarcastic,sarcastic,not_sarcastic,i'm not excited for leg day,i'm soooo not excited for another leg day,after being sick i'm making my return to working out this wednesday i'm sooo tired for another leg day,i hate leg day,after being sick i'm making my return to working out this wednesday i'm sooo annoyed for another leg day,19,104,False,False,False,0.0,-0.2263,flat_delivery_candidate,
test-00175,ah yes i love replacing a tire at 9 in the morning,1,M5,sarcastic,sarcastic,sarcastic,sarcastic,not_sarcastic,sarcastic,i hate having to replace a tire at 9 in the morning,i hate replacing a tire at 9 in the morning,oh no i hate replacing a tire at 9 in the morning,i hate replacing tires especially early in the day,oh no i hate replacing a tire at 9 in the morning,12,50,False,False,False,0.0,0.7845,flat_delivery_candidate;positive_surface_wording_candidate,
test-00174,ah yes good to see that people are still misunderstanding what gmos are,1,M6,sarcastic,sarcastic,sarcastic,sarcastic,sarcastic,not_sarcastic,not excited people misunderstand what gmos are,i find it frustrating that people still don't understand gmos,stupid people still haven't understood what gmos are,people like to pretend they know what they're talking about,its annoying to see that people are still misunderstanding what gmos are,13,71,False,False,False,0.0,0.4215,flat_delivery_candidate;positive_surface_wording_candidate,
test-00054,child's observation if mom laugh at dad's joke thn we have guests,1,M6,sarcastic,sarcastic,sarcastic,sarcastic,sarcastic,not_sarcastic,child's observation if mom laugh at dad's joke thn we have guests,child's observation if mom laugh at dad's joke thn we have guests,child's observation mom laughs at dad's joke only when we have guests at home otherwise she gets angry,dad tells bad jokes,child's observation if mom laugh at dad's joke thn we have guests,12,65,False,False,False,0.0,0.7003,flat_delivery_candidate;positive_surface_wording_candidate,
test-00165,all conspiracies are off base with no truth to them and all govt explanations are true and accurate and shouldn't be questioned,1,M6,sarcastic,sarcastic,sarcastic,sarcastic,sarcastic,not_sarcastic,government explanations of conspiricies are all lies,some conspiracies are based on fact,all conspiracies are not off base with and all govt explanations are not always true and accurate and should be questioned,government explanations of conspiricies are all lies,all the government statements are fake and there are no conspiracies against them,22,127,False,False,False,0.0,0.4932,flat_delivery_candidate;positive_surface_wording_candidate,
test-00164,all that blood that was lost on that high sticking is such a tragedy,1,M6,sarcastic,sarcastic,sarcastic,sarcastic,sarcastic,not_sarcastic,all that blood was great,all that blood that was lost on that high sticking is not a tragedy,all that blood that was lost on that high sticking is such a miracle,all that blood that was lost on that high sticking is not a tragedy,all that blood that was lost on that high sticking is such a tragedy,14,68,False,False,False,0.0,-0.7717,flat_delivery_candidate,
test-00160,almost lunchtime i get a half hour away from this paradise,1,M6,sarcastic,sarcastic,sarcastic,sarcastic,sarcastic,not_sarcastic,almost lunchtime i get a half hour away from this terrible place,i'm happy to be away from the miserable place i work,almost lunchtime i get a half hour close far this terrible workplace,i can't wait for my lunch break,half an hour away from this hell,11,58,False,False,False,0.0,0.7184,flat_delivery_candidate;positive_surface_wording_candidate,
test-00158,alright all the bulls can rally on the fact that a poor jobs number is temporarily going to slow the fed from raising rates spy,1,M5,sarcastic,sarcastic,sarcastic,sarcastic,not_sarcastic,sarcastic,alright all the bulls can rally on the fact that a poor jobs number is temporarily going to slow the fed from raising rates spy,alright all the bulls can rally on the fact that a poor jobs number is temporarily going to slow the fed from raising rates spy,alright all the bulls can rally on the rumour that a good jobs number is permanently going to fastenthe fed from downing rate spy,the stock market is crazy right now,it is naive to expect that poor job numbers will temporarily slow down the fed from raising rates,25,127,False,False,False,0.0,-0.2023,flat_delivery_candidate;long_context_dependent_candidate,
test-00059,cavs vs warriors wow never thought i'd see the day,1,M6,sarcastic,sarcastic,sarcastic,sarcastic,sarcastic,not_sarcastic,who didn't expect cavs vs warriors ?,this game was set up from the start of the season,cavs vs warriors damn always thought i'd not see the day,this is a repeat final from last year,cavs vs warriors and i am still living to see that,10,50,False,False,False,0.0,0.5859,flat_delivery_candidate;positive_surface_wording_candidate,
test-00064,can't wait to see my dad's cousin that invited herself to my party tomorrow,1,M6,sarcastic,sarcastic,sarcastic,sarcastic,sarcastic,not_sarcastic,i don't want to see my dad's cousin,really wish that woman didn't invite herself to the party no one likes her,can wait for entire life to see my dad's cousin that uninvited herself to my party tomorrow,i hate when people invite hemselves to things,i hate to see my dad's cousin that invited herself to my party tomorrow,14,75,False,False,False,0.0,0.4019,flat_delivery_candidate;positive_surface_wording_candidate,
test-00068,can't wait for the three point contest in the nba finals,1,M5,sarcastic,sarcastic,sarcastic,sarcastic,not_sarcastic,sarcastic,i don't care about the 3 point contest,i'm sick of three point game,not excited for the three point contest in the nba finals,players miss the three point shot far too often,i won't be watching the nba finals,11,56,False,False,False,0.0,0.0,flat_delivery_candidate,
test-00148,another day another no volume pop of 025 for no reason spyit's like taking candy from a baby,1,M1,not_sarcastic,sarcastic,sarcastic,sarcastic,sarcastic,sarcastic,another day another no volume pop of 025 for no reason spyit's like taking candy from a baby,another day another no volume pop of 025 for no reason spyit's like taking candy from a baby,another day another no volume pop of 025 for no reason spyit's like taking candy from a baby,another day another no volume pop of 025 for no reason spyit's like taking candy from a baby,another day another no volume pop of 025 for no reason spyit's like taking candy from a baby,18,92,False,False,False,0.0,-0.2263,flat_delivery_candidate,
test-00146,another mass shooting it's like we've gone numb to it by now but ya know we don't have a gun violence problem in this country,1,M1,not_sarcastic,sarcastic,sarcastic,sarcastic,sarcastic,sarcastic,we have a gun violence problem in this country,we do have a gun problem in america,another mass shooting it's like we've gone numb to it by now but ya know we have a gun violence problem in this country,another mass shooting it's like we've gone numb to it by now but ya know we have a gun violence problem in this country,gun violence is a burgeoning problem in this country,25,125,False,False,False,0.0,0.5416,flat_delivery_candidate;positive_surface_wording_candidate;long_context_dependent_candidate,
test-00001,due to the large blister on the bottom of my right foot i guess i'm stuck on the couch tomorrow that sucks,1,M6,sarcastic,sarcastic,sarcastic,sarcastic,sarcastic,not_sarcastic,at least the blister means i'm stuck on the couch,awesome an excuse to sit on the couch all day,due to the large blister on the bottom of my right foot i guess i'm stuck on the couch tomorrow that awsome,i hate having a blister but i love sitting on the couch,due to the large blister on the bottom of my right foot i guess i'm stuck on the couch tomorrow that's awsome,22,106,False,False,False,0.0,-0.5423,flat_delivery_candidate,
