example_id,gold_label,predicted_label
GEN-4,dataset_a,dataset_a
GEN-14,dataset_a,dataset_a
GEN-38,dataset_a,dataset_a
GEN-42,dataset_a,dataset_a
GEN-51,dataset_a,dataset_a
GEN-58,dataset_a,dataset_a
GEN-71,dataset_a,dataset_a
GEN-73,dataset_a,dataset_a
GEN-74,dataset_a,dataset_a
GEN-79,dataset_a,dataset_a
GEN-91,dataset_a,dataset_a
GEN-99,dataset_a,dataset_a
GEN-116,dataset_a,dataset_a
GEN-137,dataset_a,dataset_a
GEN-149,dataset_a,dataset_a
GEN-158,dataset_a,dataset_a
GEN-159,dataset_a,dataset_a
GEN-161,dataset_a,dataset_a
GEN-180,dataset_a,dataset_a
GEN-182,dataset_a,dataset_a
GEN-189,dataset_a,dataset_a
GEN-190,dataset_a,dataset_a
GEN-214,dataset_a,dataset_a
GEN-215,dataset_a,dataset_a
GEN-221,dataset_a,dataset_a
GEN-237,dataset_a,dataset_a
GEN-243,dataset_a,dataset_a
GEN-245,dataset_a,dataset_a
GEN-252,dataset_a,dataset_a
GEN-255,dataset_a,dataset_a
GEN-259,dataset_a,sign
GEN-261,dataset_a,sign
GEN-267,dataset_a,dataset_a
GEN-276,dataset_a,dataset_a
GEN-284,dataset_a,dataset_a
GEN-298,dataset_a,dataset_a
GEN-301,dataset_a,dataset_a
GEN-302,dataset_a,dataset_a
GEN-338,dataset_a,dataset_a
GEN-339,dataset_a,dataset_a
GEN-352,dataset_a,dataset_a
GEN-380,dataset_a,dataset_a
GEN-385,dataset_a,dataset_a
GEN-404,dataset_a,dataset_a
GEN-406,dataset_a,dataset_a
GEN-411,dataset_a,dataset_a
GEN-413,dataset_a,dataset_a
GEN-416,dataset_a,dataset_a
GEN-432,dataset_a,dataset_a
GEN-438,dataset_a,dataset_a
GEN-441,dataset_a,dataset_a
GEN-470,dataset_a,dataset_a
GEN-476,dataset_a,dataset_a
GEN-481,dataset_a,dataset_a
GEN-486,dataset_a,dataset_a
GEN-498,dataset_a,dataset_a
GEN-499,dataset_a,sign
GEN-501,dataset_a,dataset_a
GEN-504,dataset_a,dataset_a
GEN-506,dataset_a,dataset_a
GEN-507,dataset_a,dataset_a
GEN-515,dataset_a,dataset_a
GEN-518,dataset_a,dataset_a
GEN-520,dataset_a,dataset_a
GEN-524,dataset_a,dataset_a
GEN-526,dataset_a,dataset_a
GEN-531,dataset_a,dataset_a
GEN-533,dataset_a,dataset_a
GEN-537,dataset_a,dataset_a
GEN-549,dataset_a,dataset_a
GEN-558,dataset_a,dataset_a
GEN-571,dataset_a,dataset_a
GEN-576,dataset_a,dataset_a
GEN-578,dataset_a,dataset_a
GEN-596,dataset_a,dataset_a
GEN-597,dataset_a,dataset_a
GEN-598,dataset_a,dataset_a
GEN-616,dataset_a,dataset_a
GEN-623,dataset_a,dataset_a
GEN-638,dataset_a,dataset_a
GEN-649,dataset_a,dataset_a
GEN-664,dataset_a,dataset_a
GEN-665,dataset_a,dataset_a
GEN-666,dataset_a,dataset_a
GEN-672,dataset_a,dataset_a
GEN-673,dataset_a,dataset_a
GEN-677,dataset_a,dataset_a
GEN-681,dataset_a,dataset_a
GEN-683,dataset_a,dataset_a
GEN-691,dataset_a,dataset_a
GEN-695,dataset_a,dataset_a
GEN-697,dataset_a,dataset_a
GEN-708,dataset_a,dataset_a
GEN-718,dataset_a,dataset_a
GEN-720,dataset_a,dataset_a
GEN-725,dataset_a,dataset_a
GEN-727,dataset_a,dataset_a
GEN-740,dataset_a,dataset_a
GEN-742,dataset_a,dataset_a
GEN-747,dataset_a,dataset_a
GEN-751,dataset_a,dataset_a
GEN-752,dataset_a,dataset_a
GEN-754,dataset_a,dataset_a
GEN-761,dataset_a,dataset_a
GEN-770,dataset_a,sign
GEN-778,dataset_a,dataset_a
GEN-780,dataset_a,dataset_a
GEN-782,dataset_a,dataset_a
GEN-790,dataset_a,dataset_a
GEN-823,dataset_a,dataset_a
GEN-826,dataset_a,dataset_a
GEN-829,dataset_a,dataset_a
GEN-834,dataset_a,dataset_a
GEN-837,dataset_a,dataset_a
GEN-840,dataset_a,dataset_a
GEN-848,dataset_a,dataset_a
GEN-861,dataset_a,dataset_a
GEN-878,dataset_a,dataset_a
GEN-881,dataset_a,dataset_a
GEN-902,dataset_a,dataset_a
GEN-911,dataset_a,dataset_a
GEN-932,dataset_a,dataset_a
GEN-937,dataset_a,dataset_a
GEN-940,dataset_a,dataset_a
GEN-942,dataset_a,dataset_a
GEN-947,dataset_a,dataset_a
GEN-948,dataset_a,dataset_a
GEN-949,dataset_a,dataset_a
GEN-950,dataset_a,sign
GEN-965,dataset_a,dataset_a
GEN-972,dataset_a,dataset_a
GEN-974,dataset_a,dataset_a
GEN-985,dataset_a,dataset_a
GEN-994,dataset_a,dataset_a
GEN-1002,dataset_a,dataset_a
GEN-1011,dataset_a,dataset_a
GEN-1015,dataset_a,dataset_a
GEN-1016,dataset_a,dataset_a
GEN-1018,dataset_a,dataset_a
GEN-1024,dataset_a,dataset_a
GEN-1035,dataset_a,dataset_a
GEN-1045,dataset_a,dataset_a
GEN-1049,dataset_a,dataset_a
GEN-1054,dataset_a,dataset_a
GEN-1066,dataset_a,dataset_a
GEN-1073,dataset_a,dataset_a
GEN-1075,dataset_a,dataset_a
GEN-1078,dataset_a,dataset_a
GEN-1080,dataset_a,dataset_a
GEN-1084,dataset_a,dataset_a
GEN-1088,dataset_a,dataset_a
GEN-1095,dataset_a,dataset_a
GEN-1104,dataset_a,dataset_a
GEN-1110,dataset_a,dataset_a
GEN-1113,dataset_a,sign
GEN-1131,dataset_a,dataset_a
GEN-1132,dataset_a,dataset_a
GEN-1139,dataset_a,dataset_a
GEN-1143,dataset_a,dataset_a
GEN-1147,dataset_a,dataset_a
GEN-1148,dataset_a,dataset_a
GEN-1152,dataset_a,dataset_a
GEN-1154,dataset_a,dataset_a
GEN-1169,dataset_a,dataset_a
GEN-1172,dataset_a,dataset_a
GEN-1196,dataset_a,dataset_a
GEN-1206,dataset_a,dataset_a
GEN-1214,dataset_a,dataset_a
GEN-1223,dataset_a,dataset_a
GEN-1228,dataset_a,dataset_a
GEN-1248,dataset_a,dataset_a
GEN-1250,dataset_a,dataset_a
GEN-1251,dataset_a,dataset_a
GEN-1264,dataset_a,dataset_a
GEN-1265,dataset_a,dataset_a
GEN-1266,dataset_a,dataset_a
GEN-1269,dataset_a,dataset_a
GEN-1285,dataset_a,dataset_a
GEN-1293,dataset_a,dataset_a
GEN-1310,dataset_a,dataset_a
GEN-1313,dataset_a,dataset_a
GEN-1334,dataset_a,dataset_a
GEN-1340,dataset_a,dataset_a
GEN-1342,dataset_a,dataset_a
GEN-1354,dataset_a,dataset_a
GEN-1367,dataset_a,dataset_a
GEN-1380,dataset_a,dataset_a
GEN-1391,dataset_a,dataset_a
GEN-1409,dataset_a,dataset_a
GEN-1410,dataset_a,dataset_a
GEN-1411,dataset_a,dataset_a
GEN-1415,dataset_a,dataset_a
GEN-1420,dataset_a,dataset_a
GEN-1424,dataset_a,dataset_a
GEN-1426,dataset_a,dataset_a
GEN-1431,dataset_a,dataset_a
GEN-1441,dataset_a,dataset_a
GEN-1444,dataset_a,dataset_a
GEN-1454,dataset_a,dataset_a
GEN-1456,dataset_a,dataset_a
GEN-1457,dataset_a,dataset_a
GEN-1459,dataset_a,dataset_a
GEN-1460,dataset_a,dataset_a
GEN-1471,dataset_a,dataset_a
GEN-1473,dataset_a,dataset_a
GEN-1475,dataset_a,dataset_a
GEN-1476,dataset_a,dataset_a
GEN-1483,dataset_a,dataset_a
GEN-1494,dataset_a,dataset_a
GEN-1500,dataset_a,dataset_a
GEN-1502,dataset_a,dataset_a
GEN-1510,dataset_a,dataset_a
GEN-1517,dataset_a,dataset_a
GEN-1518,dataset_a,dataset_a
GEN-1525,dataset_a,dataset_a
GEN-1535,dataset_a,dataset_a
GEN-1549,dataset_a,dataset_a
GEN-1554,dataset_a,dataset_a
GEN-1559,dataset_a,dataset_a
GEN-1560,dataset_a,dataset_a
GEN-1572,dataset_a,dataset_a
GEN-1583,dataset_a,dataset_a
GEN-1590,dataset_a,dataset_a
GEN-1591,dataset_a,dataset_a
GEN-1596,dataset_a,dataset_a
GEN-1606,dataset_a,dataset_a
GEN-1614,dataset_a,dataset_a
GEN-1615,dataset_a,dataset_a
GEN-1618,dataset_a,dataset_a
GEN-1626,dataset_a,dataset_a
GEN-1627,dataset_a,dataset_a
GEN-1628,dataset_a,dataset_a
GEN-1633,dataset_a,dataset_a
GEN-1646,dataset_a,dataset_a
GEN-1647,dataset_a,dataset_a
GEN-1650,dataset_a,dataset_a
GEN-1655,dataset_a,dataset_a
GEN-1665,dataset_a,dataset_a
GEN-1666,dataset_a,dataset_a
GEN-1668,dataset_a,dataset_a
GEN-1672,dataset_a,dataset_a
GEN-1676,dataset_a,dataset_a
GEN-1681,dataset_a,dataset_a
GEN-1685,dataset_a,dataset_a
GEN-1687,dataset_a,dataset_a
GEN-1689,dataset_a,dataset_a
GEN-1691,dataset_a,dataset_a
GEN-1698,dataset_a,dataset_a
GEN-1703,dataset_a,dataset_a
GEN-1704,dataset_a,dataset_a
GEN-1719,dataset_a,dataset_a
GEN-1736,dataset_a,dataset_a
GEN-1738,dataset_a,dataset_a
GEN-1752,dataset_a,dataset_a
GEN-1764,dataset_a,dataset_a
GEN-1773,dataset_a,dataset_a
GEN-1781,dataset_a,dataset_a
GEN-1789,dataset_a,dataset_a
GEN-1810,dataset_a,sign
GEN-1812,dataset_a,dataset_a
GEN-1816,dataset_a,dataset_a
GEN-1824,dataset_a,dataset_a
GEN-1825,dataset_a,dataset_a
GEN-1841,dataset_a,dataset_a
GEN-1847,dataset_a,dataset_a
GEN-1849,dataset_a,dataset_a
GEN-1872,dataset_a,dataset_a
GEN-1873,dataset_a,dataset_a
GEN-1876,dataset_a,dataset_a
GEN-1878,dataset_a,dataset_a
GEN-1887,dataset_a,sign
GEN-1892,dataset_a,dataset_a
GEN-1893,dataset_a,dataset_a
GEN-1895,dataset_a,dataset_a
GEN-1906,dataset_a,dataset_a
GEN-1912,dataset_a,dataset_a
GEN-1915,dataset_a,dataset_a
GEN-1918,dataset_a,dataset_a
GEN-1923,dataset_a,dataset_a
GEN-1927,dataset_a,dataset_a
GEN-1935,dataset_a,dataset_a
GEN-1938,dataset_a,dataset_a
GEN-1939,dataset_a,dataset_a
GEN-1946,dataset_a,dataset_a
GEN-1950,dataset_a,dataset_a
GEN-1951,dataset_a,dataset_a
GEN-1954,dataset_a,dataset_a
GEN-1955,dataset_a,dataset_a
GEN-1964,dataset_a,dataset_a
GEN-1967,dataset_a,dataset_a
GEN-1969,dataset_a,dataset_a
GEN-1972,dataset_a,dataset_a
GEN-1973,dataset_a,dataset_a
GEN-1989,dataset_a,dataset_a
GEN-1998,dataset_a,dataset_a
GEN-2013,dataset_a,dataset_a
GEN-2014,dataset_a,dataset_a
GEN-2024,dataset_a,dataset_a
GEN-2037,dataset_a,sign
GEN-2039,dataset_a,dataset_a
GEN-2047,dataset_a,dataset_a
GEN-2053,dataset_a,dataset_a
GEN-2060,dataset_a,dataset_a
GEN-2064,dataset_a,dataset_a
GEN-2067,dataset_a,dataset_a
GEN-2088,dataset_a,dataset_a
GEN-2093,dataset_a,sign
GEN-2096,dataset_a,dataset_a
GEN-2098,dataset_a,dataset_a
GEN-2120,dataset_a,dataset_a
GEN-2130,dataset_a,dataset_a
GEN-2142,dataset_a,dataset_a
GEN-2161,dataset_a,dataset_a
GEN-2168,dataset_a,dataset_a
GEN-2182,dataset_a,dataset_a
GEN-2195,dataset_a,dataset_a
GEN-2198,dataset_a,dataset_a
GEN-2208,dataset_a,dataset_a
GEN-2210,dataset_a,dataset_a
GEN-2211,dataset_a,dataset_a
GEN-2219,dataset_a,dataset_a
GEN-2221,dataset_a,dataset_a
GEN-2233,dataset_a,dataset_a
GEN-2243,dataset_a,dataset_a
GEN-2246,dataset_a,dataset_a
GEN-2251,dataset_a,dataset_a
GEN-2258,dataset_a,dataset_a
GEN-2265,dataset_a,dataset_a
GEN-2275,dataset_a,dataset_a
GEN-2277,dataset_a,dataset_a
GEN-2278,dataset_a,dataset_a
GEN-2281,dataset_a,dataset_a
GEN-2285,dataset_a,dataset_a
GEN-2291,dataset_a,dataset_a
GEN-2293,dataset_a,dataset_a
GEN-2311,dataset_a,dataset_a
GEN-2317,dataset_a,dataset_a
GEN-2321,dataset_a,dataset_a
GEN-2326,dataset_a,dataset_a
GEN-2330,dataset_a,dataset_a
GEN-2332,dataset_a,sign
GEN-2343,dataset_a,dataset_a
GEN-2349,dataset_a,dataset_a
GEN-2360,dataset_a,dataset_a
GEN-2362,dataset_a,dataset_a
GEN-2366,dataset_a,dataset_a
GEN-2372,dataset_a,dataset_a
GEN-2386,dataset_a,sign
GEN-2394,dataset_a,dataset_a
GEN-2411,dataset_a,dataset_a
GEN-2413,dataset_a,dataset_a
GEN-2414,dataset_a,dataset_a
GEN-2415,dataset_a,dataset_a
GEN-2417,dataset_a,dataset_a
GEN-2430,dataset_a,dataset_a
GEN-2432,dataset_a,dataset_a
GEN-2433,dataset_a,dataset_a
GEN-2437,dataset_a,dataset_a
GEN-2448,dataset_a,dataset_a
GEN-2461,dataset_a,dataset_a
GEN-2463,dataset_a,dataset_a
GEN-2467,dataset_a,dataset_a
GEN-2471,dataset_a,dataset_a
GEN-2488,dataset_a,dataset_a
GEN-2495,dataset_a,sign
GEN-2496,dataset_a,dataset_a
GEN-2501,dataset_a,dataset_a
GEN-2514,dataset_a,dataset_a
GEN-2515,dataset_a,dataset_a
GEN-2524,dataset_a,dataset_a
GEN-2526,dataset_a,dataset_a
GEN-2527,dataset_a,dataset_a
GEN-2542,dataset_a,dataset_a
GEN-2554,dataset_a,dataset_a
GEN-2557,dataset_a,dataset_a
GEN-2560,dataset_a,dataset_a
GEN-2563,dataset_a,dataset_a
GEN-2578,dataset_a,dataset_a
GEN-2586,dataset_a,dataset_a
GEN-2588,dataset_a,dataset_a
GEN-2589,dataset_a,dataset_a
GEN-2595,dataset_a,dataset_a
GEN-2601,dataset_a,dataset_a
GEN-2602,dataset_a,dataset_a
GEN-2611,dataset_a,dataset_a
GEN-2614,dataset_a,dataset_a
GEN-2632,dataset_a,dataset_a
GEN-2633,dataset_a,dataset_a
GEN-2637,dataset_a,dataset_a
GEN-2640,dataset_a,dataset_a
GEN-2645,dataset_a,dataset_a
GEN-2647,dataset_a,dataset_a
GEN-2658,dataset_a,dataset_a
GEN-2671,dataset_a,dataset_a
GEN-2677,dataset_a,dataset_a
GEN-2679,dataset_a,dataset_a
GEN-2680,dataset_a,dataset_a
GEN-2709,dataset_a,dataset_a
GEN-2719,dataset_a,dataset_a
GEN-2737,dataset_a,sign
GEN-2739,dataset_a,dataset_a
GEN-2759,dataset_a,dataset_a
GEN-2789,dataset_a,dataset_a
GEN-2795,dataset_a,dataset_a
GEN-2797,dataset_a,dataset_a
GEN-2800,dataset_a,dataset_a
GEN-2801,dataset_a,dataset_a
GEN-2815,dataset_a,dataset_a
GEN-2818,dataset_a,dataset_a
GEN-2820,dataset_a,dataset_a
GEN-2821,dataset_a,dataset_a
GEN-2822,dataset_a,dataset_a
GEN-2836,dataset_a,dataset_a
GEN-2837,dataset_a,dataset_a
GEN-2843,dataset_a,dataset_a
GEN-2851,dataset_a,dataset_a
GEN-2866,dataset_a,sign
GEN-2872,dataset_a,dataset_a
GEN-2878,dataset_a,dataset_a
GEN-2899,dataset_a,dataset_a
GEN-2913,dataset_a,dataset_a
GEN-2919,dataset_a,dataset_a
GEN-2926,dataset_a,dataset_a
GEN-2940,dataset_a,dataset_a
GEN-2943,dataset_a,dataset_a
GEN-2945,dataset_a,dataset_a
GEN-2951,dataset_a,dataset_a
GEN-2954,dataset_a,dataset_a
GEN-2969,dataset_a,dataset_a
GEN-2972,dataset_a,dataset_a
GEN-2984,dataset_a,dataset_a
GEN-2986,dataset_a,dataset_a
GEN-2992,dataset_a,dataset_a
GEN-3003,dataset_a,dataset_a
GEN-3042,dataset_a,dataset_a
GEN-3044,dataset_a,dataset_a
GEN-3050,dataset_a,dataset_a
GEN-3054,dataset_a,sign
GEN-3063,dataset_a,dataset_a
GEN-3070,dataset_a,dataset_a
GEN-3071,dataset_a,dataset_a
GEN-3073,dataset_a,dataset_a
GEN-3075,dataset_a,dataset_a
GEN-3078,dataset_a,dataset_a
GEN-3099,dataset_a,sign
GEN-3100,dataset_a,dataset_a
GEN-3102,dataset_a,dataset_a
GEN-3105,dataset_a,dataset_a
GEN-3119,dataset_a,sign
GEN-3121,dataset_a,dataset_a
GEN-3129,dataset_a,sign
GEN-3141,dataset_a,dataset_a
GEN-3143,dataset_a,dataset_a
GEN-3144,dataset_a,dataset_a
GEN-3148,dataset_a,dataset_a
GEN-3158,dataset_a,dataset_a
GEN-3159,dataset_a,dataset_a
GEN-3169,dataset_a,dataset_a
GEN-3170,dataset_a,dataset_a
GEN-3183,dataset_a,dataset_a
GEN-3187,dataset_a,dataset_a
GEN-3188,dataset_a,sign
GEN-3192,dataset_a,dataset_a
GEN-3196,dataset_a,dataset_a
GEN-3200,dataset_a,dataset_a
GEN-3201,dataset_a,dataset_a
GEN-3205,dataset_a,dataset_a
GEN-3215,dataset_a,dataset_a
GEN-3221,dataset_a,dataset_a
GEN-3225,dataset_a,dataset_a
GEN-3236,dataset_a,dataset_a
GEN-3240,dataset_a,dataset_a
GEN-3263,dataset_a,sign
GEN-3265,dataset_a,dataset_a
GEN-3275,dataset_a,dataset_a
GEN-3282,dataset_a,dataset_a
GEN-3286,dataset_a,dataset_a
GEN-3288,dataset_a,dataset_a
GEN-3292,dataset_a,dataset_a
GEN-3330,dataset_a,dataset_a
GEN-3332,dataset_a,dataset_a
GEN-3336,dataset_a,dataset_a
GEN-3344,dataset_a,dataset_a
GEN-3362,dataset_a,dataset_a
GEN-3371,dataset_a,dataset_a
GEN-3394,dataset_a,dataset_a
GEN-3396,dataset_a,dataset_a
GEN-3402,dataset_a,dataset_a
GEN-3420,dataset_a,dataset_a
GEN-3447,dataset_a,dataset_a
GEN-3456,dataset_a,dataset_a
GEN-3458,dataset_a,dataset_a
GEN-3459,dataset_a,dataset_a
GEN-3461,dataset_a,dataset_a
GEN-3462,dataset_a,dataset_a
GEN-3467,dataset_a,sign
GEN-3468,dataset_a,dataset_a
GEN-3471,dataset_a,dataset_a
GEN-3472,dataset_a,dataset_a
GEN-3476,dataset_a,sign
GEN-3480,dataset_a,dataset_a
GEN-3481,dataset_a,dataset_a
GEN-3484,dataset_a,dataset_a
GEN-3516,dataset_a,dataset_a
GEN-3519,dataset_a,dataset_a
GEN-3523,dataset_a,dataset_a
GEN-3525,dataset_a,dataset_a
GEN-3532,dataset_a,dataset_a
GEN-3538,dataset_a,dataset_a
GEN-3539,dataset_a,dataset_a
GEN-3544,dataset_a,dataset_a
GEN-3562,dataset_a,dataset_a
GEN-3565,dataset_a,dataset_a
GEN-3569,dataset_a,dataset_a
GEN-3572,dataset_a,sign
GEN-3585,dataset_a,dataset_a
GEN-3587,dataset_a,dataset_a
GEN-3588,dataset_a,dataset_a
GEN-3597,dataset_a,dataset_a
GEN-3608,dataset_a,dataset_a
GEN-3612,dataset_a,dataset_a
GEN-3631,dataset_a,dataset_a
GEN-3646,dataset_a,dataset_a
GEN-3647,dataset_a,dataset_a
GEN-3656,dataset_a,dataset_a
GEN-3668,dataset_a,dataset_a
GEN-3669,dataset_a,dataset_a
GEN-3671,dataset_a,dataset_a
GEN-3677,dataset_a,dataset_a
GEN-3678,dataset_a,dataset_a
GEN-3686,dataset_a,sign
GEN-3688,dataset_a,dataset_a
GEN-3690,dataset_a,dataset_a
GEN-3692,dataset_a,dataset_a
GEN-3701,dataset_a,dataset_a
GEN-3706,dataset_a,dataset_a
GEN-3717,dataset_a,dataset_a
GEN-3724,dataset_a,dataset_a
GEN-3728,dataset_a,dataset_a
GEN-3739,dataset_a,dataset_a
GEN-3740,dataset_a,dataset_a
GEN-3748,dataset_a,dataset_a
GEN-3759,dataset_a,dataset_a
GEN-3766,dataset_a,dataset_a
GEN-3769,dataset_a,sign
GEN-3782,dataset_a,dataset_a
GEN-3786,dataset_a,dataset_a
GEN-3789,dataset_a,dataset_a
GEN-3805,dataset_a,dataset_a
GEN-3815,dataset_a,dataset_a
GEN-3820,dataset_a,dataset_a
GEN-3824,dataset_a,dataset_a
GEN-3828,dataset_a,dataset_a
GEN-3832,dataset_a,dataset_a
GEN-3843,dataset_a,dataset_a
GEN-3849,dataset_a,sign
GEN-3850,dataset_a,dataset_a
GEN-3855,dataset_a,dataset_a
GEN-3856,dataset_a,dataset_a
GEN-3860,dataset_a,dataset_a
GEN-3863,dataset_a,dataset_a
GEN-3865,dataset_a,dataset_a
GEN-3866,dataset_a,dataset_a
GEN-3875,dataset_a,sign
GEN-3888,dataset_a,sign
GEN-3890,dataset_a,dataset_a
GEN-3895,dataset_a,dataset_a
GEN-3904,dataset_a,sign
GEN-3911,dataset_a,dataset_a
GEN-3928,dataset_a,dataset_a
GEN-3931,dataset_a,dataset_a
GEN-3935,dataset_a,dataset_a
GEN-3936,dataset_a,sign
GEN-3945,dataset_a,dataset_a
GEN-3958,dataset_a,dataset_a
GEN-3972,dataset_a,dataset_a
GEN-3984,dataset_a,dataset_a
GEN-3988,dataset_a,dataset_a
GEN-3995,dataset_a,dataset_a
GEN-4005,dataset_a,dataset_a
GEN-4015,dataset_a,dataset_a
GEN-4020,dataset_a,dataset_a
GEN-4029,dataset_a,dataset_a
GEN-4030,dataset_a,dataset_a
GEN-4042,dataset_a,dataset_a
GEN-4050,dataset_a,dataset_a
GEN-4056,dataset_a,dataset_a
GEN-4090,dataset_a,dataset_a
GEN-4097,dataset_a,sign
GEN-4100,dataset_a,sign
GEN-4101,dataset_a,dataset_a
GEN-4107,dataset_a,dataset_a
GEN-4111,dataset_a,dataset_a
GEN-4118,dataset_a,dataset_a
GEN-4127,dataset_a,dataset_a
GEN-4186,dataset_a,dataset_a
GEN-4188,dataset_a,dataset_a
GEN-4218,dataset_a,sign
GEN-4234,dataset_a,dataset_a
GEN-4235,dataset_a,dataset_a
GEN-4242,dataset_a,dataset_a
GEN-4245,dataset_a,dataset_a
GEN-4253,dataset_a,dataset_a
GEN-4258,dataset_a,dataset_a
GEN-4259,dataset_a,dataset_a
GEN-4264,dataset_a,dataset_a
GEN-4272,dataset_a,dataset_a
GEN-4273,dataset_a,sign
GEN-4284,dataset_a,dataset_a
GEN-4287,dataset_a,dataset_a
GEN-4306,dataset_a,sign
GEN-4311,dataset_a,dataset_a
GEN-4329,dataset_a,dataset_a
GEN-4331,dataset_a,dataset_a
GEN-4334,dataset_a,dataset_a
GEN-4346,dataset_a,sign
GEN-4356,dataset_a,dataset_a
GEN-4357,dataset_a,dataset_a
GEN-4361,dataset_a,sign
GEN-4362,dataset_a,dataset_a
GEN-4368,dataset_a,dataset_a
GEN-4370,dataset_a,sign
GEN-4382,dataset_a,dataset_a
GEN-4391,dataset_a,dataset_a
GEN-4401,dataset_a,dataset_a
GEN-4402,dataset_a,dataset_a
GEN-4413,dataset_a,dataset_a
GEN-4415,dataset_a,dataset_a
GEN-4417,dataset_a,dataset_a
GEN-4421,dataset_a,dataset_a
GEN-4432,dataset_a,sign
GEN-4437,dataset_a,dataset_a
GEN-4443,dataset_a,dataset_a
GEN-4456,dataset_a,dataset_a
GEN-4458,dataset_a,dataset_a
GEN-4467,dataset_a,dataset_a
GEN-4468,dataset_a,dataset_a
GEN-4473,dataset_a,dataset_a
GEN-4497,dataset_a,dataset_a
GEN-4502,dataset_a,dataset_a
GEN-4507,dataset_a,sign
GEN-4533,dataset_a,sign
GEN-4537,dataset_a,dataset_a
GEN-4539,dataset_a,dataset_a
GEN-4542,dataset_a,dataset_a
GEN-4557,dataset_a,dataset_a
GEN-4558,dataset_a,dataset_a
GEN-4561,dataset_a,dataset_a
GEN-4566,dataset_a,dataset_a
GEN-4574,dataset_a,dataset_a
GEN-4575,dataset_a,dataset_a
GEN-4576,dataset_a,dataset_a
GEN-4584,dataset_a,dataset_a
GEN-4586,dataset_a,dataset_a
GEN-4588,dataset_a,dataset_a
GEN-4589,dataset_a,dataset_a
GEN-4591,dataset_a,dataset_a
GEN-4592,dataset_a,dataset_a
GEN-4616,dataset_a,dataset_a
GEN-4624,dataset_a,dataset_a
GEN-4631,dataset_a,dataset_a
GEN-4638,dataset_a,dataset_a
GEN-4643,dataset_a,sign
GEN-4645,dataset_a,dataset_a
GEN-4649,dataset_a,dataset_a
GEN-4657,dataset_a,dataset_a
GEN-4662,dataset_a,sign
GEN-4670,dataset_a,dataset_a
GEN-4671,dataset_a,dataset_a
GEN-4673,dataset_a,dataset_a
GEN-4679,dataset_a,dataset_a
GEN-4682,dataset_a,dataset_a
GEN-4683,dataset_a,dataset_a
GEN-4684,dataset_a,dataset_a
GEN-4687,dataset_a,dataset_a
GEN-4689,dataset_a,dataset_a
GEN-4714,dataset_a,dataset_a
GEN-4735,dataset_a,dataset_a
GEN-4740,dataset_a,dataset_a
GEN-4748,dataset_a,dataset_a
GEN-4751,dataset_a,dataset_a
GEN-4754,dataset_a,dataset_a
GEN-4763,dataset_a,dataset_a
GEN-4764,dataset_a,dataset_a
GEN-4776,dataset_a,dataset_a
GEN-4785,dataset_a,dataset_a
GEN-4793,dataset_a,dataset_a
GEN-4805,dataset_a,dataset_a
GEN-4810,dataset_a,dataset_a
GEN-4833,dataset_a,dataset_a
GEN-4841,dataset_a,dataset_a
GEN-4849,dataset_a,sign
GEN-4854,dataset_a,dataset_a
GEN-4861,dataset_a,dataset_a
GEN-4898,dataset_a,dataset_a
GEN-4899,dataset_a,dataset_a
GEN-4921,dataset_a,dataset_a
GEN-4927,dataset_a,dataset_a
GEN-4936,dataset_a,dataset_a
GEN-4938,dataset_a,dataset_a
GEN-4939,dataset_a,dataset_a
GEN-4944,dataset_a,dataset_a
GEN-4950,dataset_a,dataset_a
GEN-4951,dataset_a,dataset_a
GEN-4954,dataset_a,dataset_a
GEN-4956,dataset_a,sign
GEN-4963,dataset_a,dataset_a
GEN-4986,dataset_a,dataset_a
GEN-4993,dataset_a,dataset_a
GEN-4994,dataset_a,dataset_a
GEN-5000,dataset_a,dataset_a
GEN-5001,dataset_a,dataset_a
GEN-5009,dataset_a,dataset_a
GEN-5011,dataset_a,dataset_a
GEN-5015,dataset_a,dataset_a
GEN-5018,dataset_a,dataset_a
GEN-5025,dataset_a,sign
GEN-5026,dataset_a,dataset_a
GEN-5028,dataset_a,dataset_a
GEN-5031,dataset_a,dataset_a
GEN-5043,dataset_a,dataset_a
GEN-5049,dataset_a,dataset_a
GEN-5050,dataset_a,sign
GEN-5052,dataset_a,sign
GEN-5056,dataset_a,dataset_a
GEN-5066,dataset_a,dataset_a
GEN-5070,dataset_a,dataset_a
GEN-5075,dataset_a,dataset_a
GEN-5081,dataset_a,dataset_a
GEN-5096,dataset_a,dataset_a
GEN-5103,dataset_a,dataset_a
GEN-5107,dataset_a,dataset_a
GEN-5113,dataset_a,dataset_a
GEN-5117,dataset_a,dataset_a
GEN-5132,dataset_a,dataset_a
GEN-5133,dataset_a,dataset_a
GEN-5135,dataset_a,sign
GEN-5148,dataset_a,dataset_a
GEN-5155,dataset_a,dataset_a
GEN-5177,dataset_a,dataset_a
GEN-5187,dataset_a,dataset_a
GEN-5191,dataset_a,dataset_a
GEN-5200,dataset_a,dataset_a
GEN-5217,dataset_a,dataset_a
GEN-5225,dataset_a,dataset_a
GEN-5228,dataset_a,dataset_a
GEN-5229,dataset_a,dataset_a
GEN-5243,dataset_a,dataset_a
GEN-5245,dataset_a,dataset_a
GEN-5253,dataset_a,dataset_a
GEN-5260,dataset_a,dataset_a
GEN-5266,dataset_a,sign
GEN-5270,dataset_a,dataset_a
GEN-5282,dataset_a,dataset_a
GEN-5287,dataset_a,dataset_a
GEN-5294,dataset_a,sign
GEN-5295,dataset_a,dataset_a
GEN-5299,dataset_a,dataset_a
GEN-5302,dataset_a,dataset_a
GEN-5303,dataset_a,dataset_a
GEN-5311,dataset_a,dataset_a
GEN-5321,dataset_a,dataset_a
GEN-5328,dataset_a,dataset_a
GEN-5340,dataset_a,sign
GEN-5341,dataset_a,dataset_a
GEN-5347,dataset_a,dataset_a
GEN-5349,dataset_a,dataset_a
GEN-5358,dataset_a,sign
GEN-5361,dataset_a,dataset_a
GEN-5362,dataset_a,dataset_a
GEN-5365,dataset_a,dataset_a
GEN-5369,dataset_a,dataset_a
GEN-5385,dataset_a,dataset_a
GEN-5392,dataset_a,dataset_a
GEN-5393,dataset_a,dataset_a
GEN-5435,dataset_a,dataset_a
GEN-5444,dataset_a,dataset_a
GEN-5448,dataset_a,dataset_a
GEN-5450,dataset_a,dataset_a
GEN-5452,dataset_a,dataset_a
GEN-5463,dataset_a,dataset_a
GEN-5470,dataset_a,dataset_a
GEN-5487,dataset_a,dataset_a
GEN-5488,dataset_a,dataset_a
GEN-5493,dataset_a,dataset_a
GEN-5494,dataset_a,dataset_a
GEN-5498,dataset_a,dataset_a
GEN-5529,dataset_a,dataset_a
GEN-5538,dataset_a,dataset_a
GEN-5544,dataset_a,dataset_a
GEN-5545,dataset_a,dataset_a
GEN-5552,dataset_a,dataset_a
GEN-5557,dataset_a,dataset_a
GEN-5565,dataset_a,dataset_a
GEN-5568,dataset_a,dataset_a
GEN-5572,dataset_a,dataset_a
GEN-5578,dataset_a,dataset_a
GEN-5586,dataset_a,dataset_a
GEN-5594,dataset_a,dataset_a
GEN-5597,dataset_a,dataset_a
GEN-5612,dataset_a,dataset_a
GEN-5619,dataset_a,dataset_a
GEN-5623,dataset_a,sign
GEN-5639,dataset_a,dataset_a
GEN-5653,dataset_a,dataset_a
GEN-5660,dataset_a,dataset_a
GEN-5669,dataset_a,dataset_a
GEN-5671,dataset_a,dataset_a
GEN-5675,dataset_a,dataset_a
GEN-5676,dataset_a,dataset_a
GEN-5695,dataset_a,dataset_a
GEN-5713,dataset_a,dataset_a
GEN-5728,dataset_a,dataset_a
GEN-5731,dataset_a,dataset_a
GEN-5743,dataset_a,dataset_a
GEN-5744,dataset_a,dataset_a
GEN-5749,dataset_a,dataset_a
GEN-5756,dataset_a,dataset_a
GEN-5758,dataset_a,dataset_a
GEN-5760,dataset_a,dataset_a
GEN-5765,dataset_a,dataset_a
GEN-5772,dataset_a,dataset_a
GEN-5779,dataset_a,dataset_a
GEN-5785,dataset_a,dataset_a
GEN-5795,dataset_a,sign
GEN-5815,dataset_a,dataset_a
GEN-5841,dataset_a,dataset_a
GEN-5853,dataset_a,dataset_a
GEN-5868,dataset_a,dataset_a
GEN-5872,dataset_a,sign
GEN-5879,dataset_a,dataset_a
GEN-5880,dataset_a,dataset_a
GEN-5890,dataset_a,dataset_a
GEN-5897,dataset_a,dataset_a
GEN-5904,dataset_a,dataset_a
GEN-5919,dataset_a,sign
GEN-5923,dataset_a,dataset_a
GEN-5928,dataset_a,dataset_a
GEN-5929,dataset_a,dataset_a
GEN-5932,dataset_a,dataset_a
GEN-5945,dataset_a,dataset_a
GEN-5953,dataset_a,dataset_a
GEN-5962,dataset_a,dataset_a
GEN-5964,dataset_a,dataset_a
GEN-5982,dataset_a,dataset_a
GEN-5986,dataset_a,dataset_a
GEN-6003,dataset_a,dataset_a
GEN-6017,dataset_a,dataset_a
GEN-6021,dataset_a,dataset_a
GEN-6023,dataset_a,dataset_a
GEN-6025,dataset_a,dataset_a
GEN-6029,dataset_a,dataset_a
GEN-6042,dataset_a,dataset_a
GEN-6044,dataset_a,dataset_a
GEN-6045,dataset_a,dataset_a
GEN-6047,dataset_a,dataset_a
GEN-6050,dataset_a,dataset_a
GEN-6068,dataset_a,dataset_a
GEN-6074,dataset_a,dataset_a
GEN-6077,dataset_a,dataset_a
GEN-6085,dataset_a,dataset_a
GEN-6087,dataset_a,dataset_a
GEN-6090,dataset_a,dataset_a
GEN-6094,dataset_a,dataset_a
GEN-6102,dataset_a,dataset_a
GEN-6103,dataset_a,dataset_a
GEN-6116,dataset_a,dataset_a
GEN-6123,dataset_a,dataset_a
GEN-6124,dataset_a,dataset_a
GEN-6125,dataset_a,dataset_a
GEN-6129,dataset_a,dataset_a
GEN-6134,dataset_a,dataset_a
GEN-6151,dataset_a,dataset_a
GEN-6153,dataset_a,dataset_a
GEN-6166,dataset_a,dataset_a
GEN-6184,dataset_a,dataset_a
GEN-6187,dataset_a,dataset_a
GEN-6189,dataset_a,dataset_a
GEN-6194,dataset_a,dataset_a
GEN-6205,dataset_a,dataset_a
GEN-6207,dataset_a,dataset_a
GEN-6223,dataset_a,dataset_a
GEN-6230,dataset_a,dataset_a
GEN-6231,dataset_a,dataset_a
GEN-6241,dataset_a,dataset_a
GEN-6247,dataset_a,dataset_a
GEN-6254,dataset_a,sign
GEN-6260,dataset_a,dataset_a
GEN-6277,dataset_a,dataset_a
GEN-6279,dataset_a,dataset_a
GEN-6284,dataset_a,dataset_a
GEN-6301,dataset_a,dataset_a
GEN-6306,dataset_a,dataset_a
GEN-6312,dataset_a,dataset_a
GEN-6316,dataset_a,dataset_a
GEN-6324,dataset_a,dataset_a
GEN-6329,dataset_a,dataset_a
GEN-6336,dataset_a,dataset_a
GEN-6338,dataset_a,dataset_a
GEN-6344,dataset_a,dataset_a
GEN-6347,dataset_a,dataset_a
GEN-6351,dataset_a,dataset_a
GEN-6352,dataset_a,sign
GEN-6353,dataset_a,dataset_a
GEN-6356,dataset_a,dataset_a
GEN-6359,dataset_a,dataset_a
GEN-6375,dataset_a,dataset_a
GEN-6378,dataset_a,dataset_a
GEN-6380,dataset_a,dataset_a
GEN-6381,dataset_a,dataset_a
GEN-6385,dataset_a,dataset_a
GEN-6387,dataset_a,dataset_a
GEN-6388,dataset_a,dataset_a
GEN-6390,dataset_a,dataset_a
GEN-6393,dataset_a,dataset_a
GEN-6412,dataset_a,dataset_a
GEN-6418,dataset_a,dataset_a
GEN-6439,dataset_a,dataset_a
GEN-6442,dataset_a,dataset_a
GEN-6452,dataset_a,dataset_a
GEN-6479,dataset_a,dataset_a
GEN-6490,dataset_a,dataset_a
GEN-6501,dataset_a,dataset_a
GEN-6502,dataset_a,dataset_a
HYP-6,dataset_a,dataset_a
HYP-9,dataset_a,dataset_a
HYP-10,dataset_a,dataset_a
HYP-25,dataset_a,dataset_a
HYP-26,dataset_a,dataset_a
HYP-27,dataset_a,dataset_a
HYP-29,dataset_a,dataset_a
HYP-33,dataset_a,dataset_a
HYP-47,dataset_a,dataset_a
HYP-50,dataset_a,dataset_a
HYP-56,dataset_a,dataset_a
HYP-76,dataset_a,sign
HYP-83,dataset_a,dataset_a
HYP-88,dataset_a,dataset_a
HYP-91,dataset_a,dataset_a
HYP-93,dataset_a,dataset_a
HYP-99,dataset_a,dataset_a
HYP-108,dataset_a,dataset_a
HYP-113,dataset_a,dataset_a
HYP-126,dataset_a,dataset_a
HYP-128,dataset_a,dataset_a
HYP-138,dataset_a,dataset_a
HYP-139,dataset_a,dataset_a
HYP-148,dataset_a,dataset_a
HYP-159,dataset_a,dataset_a
HYP-171,dataset_a,dataset_a
HYP-181,dataset_a,dataset_a
HYP-185,dataset_a,dataset_a
HYP-188,dataset_a,dataset_a
HYP-193,dataset_a,dataset_a
HYP-198,dataset_a,dataset_a
HYP-199,dataset_a,dataset_a
HYP-221,dataset_a,dataset_a
HYP-228,dataset_a,dataset_a
HYP-231,dataset_a,sign
HYP-238,dataset_a,dataset_a
HYP-261,dataset_a,dataset_a
HYP-266,dataset_a,dataset_a
HYP-281,dataset_a,dataset_a
HYP-303,dataset_a,dataset_a
HYP-322,dataset_a,dataset_a
HYP-323,dataset_a,dataset_a
HYP-325,dataset_a,dataset_a
HYP-332,dataset_a,sign
HYP-345,dataset_a,dataset_a
HYP-346,dataset_a,dataset_a
HYP-354,dataset_a,dataset_a
HYP-359,dataset_a,dataset_a
HYP-362,dataset_a,dataset_a
HYP-373,dataset_a,dataset_a
HYP-376,dataset_a,dataset_a
HYP-380,dataset_a,dataset_a
HYP-395,dataset_a,dataset_a
HYP-397,dataset_a,dataset_a
HYP-402,dataset_a,dataset_a
HYP-404,dataset_a,dataset_a
HYP-406,dataset_a,dataset_a
HYP-409,dataset_a,dataset_a
HYP-412,dataset_a,dataset_a
HYP-417,dataset_a,dataset_a
HYP-423,dataset_a,dataset_a
HYP-428,dataset_a,dataset_a
HYP-435,dataset_a,dataset_a
HYP-443,dataset_a,dataset_a
HYP-454,dataset_a,dataset_a
HYP-473,dataset_a,dataset_a
HYP-491,dataset_a,dataset_a
HYP-493,dataset_a,dataset_a
HYP-519,dataset_a,dataset_a
HYP-532,dataset_a,sign
HYP-535,dataset_a,dataset_a
HYP-540,dataset_a,dataset_a
HYP-546,dataset_a,dataset_a
HYP-553,dataset_a,dataset_a
HYP-561,dataset_a,dataset_a
HYP-573,dataset_a,dataset_a
HYP-584,dataset_a,dataset_a
HYP-598,dataset_a,dataset_a
HYP-611,dataset_a,dataset_a
HYP-615,dataset_a,dataset_a
HYP-629,dataset_a,dataset_a
HYP-633,dataset_a,dataset_a
HYP-636,dataset_a,dataset_a
HYP-639,dataset_a,dataset_a
HYP-647,dataset_a,dataset_a
HYP-657,dataset_a,dataset_a
HYP-664,dataset_a,dataset_a
HYP-676,dataset_a,dataset_a
HYP-680,dataset_a,dataset_a
HYP-689,dataset_a,dataset_a
HYP-696,dataset_a,dataset_a
HYP-702,dataset_a,dataset_a
HYP-705,dataset_a,dataset_a
HYP-714,dataset_a,dataset_a
HYP-720,dataset_a,dataset_a
HYP-726,dataset_a,dataset_a
HYP-732,dataset_a,dataset_a
HYP-745,dataset_a,dataset_a
HYP-759,dataset_a,dataset_a
HYP-768,dataset_a,dataset_a
HYP-772,dataset_a,dataset_a
HYP-778,dataset_a,dataset_a
HYP-779,dataset_a,dataset_a
HYP-784,dataset_a,dataset_a
HYP-788,dataset_a,dataset_a
HYP-797,dataset_a,dataset_a
HYP-802,dataset_a,dataset_a
HYP-805,dataset_a,dataset_a
HYP-812,dataset_a,dataset_a
HYP-822,dataset_a,dataset_a
HYP-839,dataset_a,dataset_a
HYP-854,dataset_a,dataset_a
HYP-862,dataset_a,dataset_a
HYP-864,dataset_a,dataset_a
HYP-865,dataset_a,dataset_a
HYP-870,dataset_a,dataset_a
HYP-877,dataset_a,dataset_a
HYP-880,dataset_a,dataset_a
HYP-889,dataset_a,dataset_a
HYP-895,dataset_a,sign
HYP-899,dataset_a,dataset_a
HYP-910,dataset_a,dataset_a
HYP-914,dataset_a,dataset_a
HYP-922,dataset_a,dataset_a
HYP-925,dataset_a,dataset_a
HYP-942,dataset_a,dataset_a
HYP-946,dataset_a,dataset_a
HYP-949,dataset_a,dataset_a
HYP-950,dataset_a,dataset_a
HYP-955,dataset_a,dataset_a
HYP-960,dataset_a,dataset_a
HYP-971,dataset_a,dataset_a
HYP-983,dataset_a,dataset_a
HYP-987,dataset_a,dataset_a
HYP-988,dataset_a,dataset_a
HYP-989,dataset_a,dataset_a
HYP-990,dataset_a,dataset_a
HYP-992,dataset_a,dataset_a
HYP-998,dataset_a,dataset_a
HYP-1004,dataset_a,dataset_a
HYP-1013,dataset_a,dataset_a
HYP-1022,dataset_a,dataset_a
HYP-1029,dataset_a,dataset_a
HYP-1030,dataset_a,dataset_a
HYP-1032,dataset_a,dataset_a
HYP-1035,dataset_a,dataset_a
HYP-1043,dataset_a,dataset_a
HYP-1046,dataset_a,dataset_a
HYP-1055,dataset_a,dataset_a
HYP-1057,dataset_a,dataset_a
HYP-1062,dataset_a,dataset_a
HYP-1065,dataset_a,dataset_a
HYP-1067,dataset_a,dataset_a
HYP-1082,dataset_a,dataset_a
HYP-1088,dataset_a,dataset_a
HYP-1089,dataset_a,dataset_a
HYP-1093,dataset_a,dataset_a
HYP-1096,dataset_a,dataset_a
HYP-1099,dataset_a,dataset_a
HYP-1108,dataset_a,dataset_a
HYP-1116,dataset_a,dataset_a
HYP-1124,dataset_a,dataset_a
HYP-1147,dataset_a,dataset_a
HYP-1151,dataset_a,dataset_a
HYP-1154,dataset_a,sign
HYP-1155,dataset_a,sign
HYP-1156,dataset_a,sign
HYP-1157,dataset_a,dataset_a
HYP-1163,dataset_a,dataset_a
RQ-10,dataset_a,dataset_a
RQ-21,dataset_a,dataset_a
RQ-26,dataset_a,dataset_a
RQ-27,dataset_a,dataset_a
RQ-29,dataset_a,dataset_a
RQ-31,dataset_a,dataset_a
RQ-36,dataset_a,dataset_a
RQ-41,dataset_a,dataset_a
RQ-43,dataset_a,dataset_a
RQ-55,dataset_a,dataset_a
RQ-69,dataset_a,dataset_a
RQ-96,dataset_a,dataset_a
RQ-99,dataset_a,dataset_a
RQ-100,dataset_a,dataset_a
RQ-104,dataset_a,dataset_a
RQ-106,dataset_a,dataset_a
RQ-115,dataset_a,dataset_a
RQ-117,dataset_a,dataset_a
RQ-120,dataset_a,dataset_a
RQ-121,dataset_a,dataset_a
RQ-139,dataset_a,dataset_a
RQ-141,dataset_a,dataset_a
RQ-144,dataset_a,dataset_a
RQ-150,dataset_a,dataset_a
RQ-158,dataset_a,dataset_a
RQ-167,dataset_a,dataset_a
RQ-176,dataset_a,dataset_a
RQ-179,dataset_a,dataset_a
RQ-181,dataset_a,dataset_a
RQ-183,dataset_a,dataset_a
RQ-192,dataset_a,dataset_a
RQ-197,dataset_a,dataset_a
RQ-199,dataset_a,dataset_a
RQ-204,dataset_a,dataset_a
RQ-207,dataset_a,dataset_a
RQ-213,dataset_a,dataset_a
RQ-216,dataset_a,dataset_a
RQ-228,dataset_a,dataset_a
RQ-231,dataset_a,dataset_a
RQ-233,dataset_a,dataset_a
RQ-239,dataset_a,dataset_a
RQ-244,dataset_a,dataset_a
RQ-245,dataset_a,dataset_a
RQ-257,dataset_a,dataset_a
RQ-264,dataset_a,dataset_a
RQ-267,dataset_a,dataset_a
RQ-270,dataset_a,dataset_a
RQ-282,dataset_a,dataset_a
RQ-285,dataset_a,dataset_a
RQ-292,dataset_a,dataset_a
RQ-307,dataset_a,dataset_a
RQ-312,dataset_a,dataset_a
RQ-330,dataset_a,dataset_a
RQ-341,dataset_a,dataset_a
RQ-346,dataset_a,dataset_a
RQ-367,dataset_a,dataset_a
RQ-371,dataset_a,dataset_a
RQ-372,dataset_a,dataset_a
RQ-374,dataset_a,dataset_a
RQ-384,dataset_a,dataset_a
RQ-393,dataset_a,dataset_a
RQ-420,dataset_a,dataset_a
RQ-425,dataset_a,dataset_a
RQ-446,dataset_a,dataset_a
RQ-466,dataset_a,dataset_a
RQ-470,dataset_a,dataset_a
RQ-473,dataset_a,dataset_a
RQ-476,dataset_a,dataset_a
RQ-496,dataset_a,dataset_a
RQ-510,dataset_a,dataset_a
RQ-512,dataset_a,dataset_a
RQ-515,dataset_a,dataset_a
RQ-520,dataset_a,dataset_a
RQ-523,dataset_a,dataset_a
RQ-524,dataset_a,dataset_a
RQ-526,dataset_a,dataset_a
RQ-544,dataset_a,dataset_a
RQ-553,dataset_a,dataset_a
RQ-567,dataset_a,dataset_a
RQ-571,dataset_a,dataset_a
RQ-573,dataset_a,dataset_a
RQ-576,dataset_a,dataset_a
RQ-581,dataset_a,dataset_a
RQ-604,dataset_a,dataset_a
RQ-609,dataset_a,dataset_a
RQ-615,dataset_a,dataset_a
RQ-621,dataset_a,dataset_a
RQ-635,dataset_a,dataset_a
RQ-638,dataset_a,dataset_a
RQ-640,dataset_a,dataset_a
RQ-643,dataset_a,dataset_a
RQ-647,dataset_a,dataset_a
RQ-648,dataset_a,dataset_a
RQ-658,dataset_a,dataset_a
RQ-659,dataset_a,dataset_a
RQ-672,dataset_a,dataset_a
RQ-677,dataset_a,dataset_a
RQ-678,dataset_a,dataset_a
RQ-681,dataset_a,dataset_a
RQ-690,dataset_a,dataset_a
RQ-697,dataset_a,dataset_a
RQ-699,dataset_a,dataset_a
RQ-706,dataset_a,dataset_a
RQ-707,dataset_a,dataset_a
RQ-709,dataset_a,dataset_a
RQ-717,dataset_a,dataset_a
RQ-739,dataset_a,dataset_a
RQ-751,dataset_a,dataset_a
RQ-753,dataset_a,dataset_a
RQ-755,dataset_a,dataset_a
RQ-757,dataset_a,dataset_a
RQ-758,dataset_a,dataset_a
RQ-761,dataset_a,dataset_a
RQ-765,dataset_a,dataset_a
RQ-781,dataset_a,dataset_a
RQ-787,dataset_a,dataset_a
RQ-795,dataset_a,dataset_a
RQ-802,dataset_a,sign
RQ-816,dataset_a,dataset_a
RQ-821,dataset_a,dataset_a
RQ-826,dataset_a,dataset_a
RQ-827,dataset_a,sign
RQ-845,dataset_a,sign
RQ-846,dataset_a,dataset_a
RQ-855,dataset_a,dataset_a
RQ-858,dataset_a,dataset_a
RQ-861,dataset_a,dataset_a
RQ-863,dataset_a,dataset_a
RQ-873,dataset_a,dataset_a
RQ-877,dataset_a,dataset_a
RQ-881,dataset_a,dataset_a
RQ-886,dataset_a,dataset_a
RQ-892,dataset_a,dataset_a
RQ-896,dataset_a,dataset_a
RQ-898,dataset_a,dataset_a
RQ-907,dataset_a,dataset_a
RQ-918,dataset_a,dataset_a
RQ-922,dataset_a,dataset_a
RQ-928,dataset_a,dataset_a
RQ-942,dataset_a,dataset_a
RQ-945,dataset_a,sign
RQ-966,dataset_a,dataset_a
RQ-970,dataset_a,dataset_a
RQ-971,dataset_a,dataset_a
RQ-980,dataset_a,dataset_a
RQ-1004,dataset_a,dataset_a
RQ-1022,dataset_a,dataset_a
RQ-1023,dataset_a,dataset_a
RQ-1030,dataset_a,dataset_a
RQ-1033,dataset_a,dataset_a
RQ-1037,dataset_a,dataset_a
RQ-1050,dataset_a,dataset_a
RQ-1059,dataset_a,dataset_a
RQ-1066,dataset_a,dataset_a
RQ-1069,dataset_a,dataset_a
RQ-1070,dataset_a,dataset_a
RQ-1071,dataset_a,dataset_a
RQ-1086,dataset_a,dataset_a
RQ-1091,dataset_a,dataset_a
RQ-1116,dataset_a,dataset_a
RQ-1120,dataset_a,sign
RQ-1127,dataset_a,dataset_a
RQ-1140,dataset_a,dataset_a
RQ-1142,dataset_a,dataset_a
RQ-1159,dataset_a,dataset_a
RQ-1167,dataset_a,dataset_a
RQ-1179,dataset_a,dataset_a
RQ-1180,dataset_a,dataset_a
RQ-1182,dataset_a,dataset_a
RQ-1202,dataset_a,dataset_a
RQ-1204,dataset_a,dataset_a
RQ-1205,dataset_a,dataset_a
RQ-1207,dataset_a,dataset_a
RQ-1210,dataset_a,dataset_a
RQ-1216,dataset_a,dataset_a
RQ-1224,dataset_a,dataset_a
RQ-1238,dataset_a,dataset_a
RQ-1245,dataset_a,dataset_a
RQ-1248,dataset_a,dataset_a
RQ-1251,dataset_a,dataset_a
RQ-1257,dataset_a,dataset_a
RQ-1261,dataset_a,dataset_a
RQ-1262,dataset_a,dataset_a
RQ-1280,dataset_a,dataset_a
RQ-1281,dataset_a,dataset_a
RQ-1294,dataset_a,dataset_a
RQ-1308,dataset_a,dataset_a
RQ-1309,dataset_a,dataset_a
RQ-1310,dataset_a,dataset_a
RQ-1318,dataset_a,dataset_a
RQ-1322,dataset_a,dataset_a
RQ-1331,dataset_a,dataset_a
RQ-1333,dataset_a,dataset_a
RQ-1351,dataset_a,dataset_a
RQ-1370,dataset_a,dataset_a
RQ-1371,dataset_a,dataset_a
RQ-1372,dataset_a,dataset_a
RQ-1379,dataset_a,dataset_a
RQ-1382,dataset_a,dataset_a
RQ-1393,dataset_a,dataset_a
RQ-1404,dataset_a,dataset_a
RQ-1407,dataset_a,dataset_a
RQ-1419,dataset_a,dataset_a
RQ-1428,dataset_a,dataset_a
RQ-1431,dataset_a,dataset_a
RQ-1433,dataset_a,dataset_a
RQ-1436,dataset_a,dataset_a
RQ-1439,dataset_a,dataset_a
RQ-1443,dataset_a,dataset_a
RQ-1450,dataset_a,dataset_a
RQ-1453,dataset_a,dataset_a
RQ-1460,dataset_a,dataset_a
RQ-1472,dataset_a,dataset_a
RQ-1474,dataset_a,dataset_a
RQ-1478,dataset_a,dataset_a
RQ-1488,dataset_a,dataset_a
RQ-1497,dataset_a,dataset_a
RQ-1502,dataset_a,dataset_a
RQ-1507,dataset_a,dataset_a
RQ-1513,dataset_a,dataset_a
RQ-1519,dataset_a,dataset_a
RQ-1523,dataset_a,dataset_a
RQ-1529,dataset_a,dataset_a
RQ-1541,dataset_a,dataset_a
RQ-1543,dataset_a,dataset_a
RQ-1548,dataset_a,dataset_a
RQ-1553,dataset_a,dataset_a
RQ-1556,dataset_a,dataset_a
RQ-1581,dataset_a,dataset_a
RQ-1582,dataset_a,dataset_a
RQ-1590,dataset_a,dataset_a
RQ-1594,dataset_a,dataset_a
RQ-1598,dataset_a,dataset_a
RQ-1599,dataset_a,dataset_a
RQ-1604,dataset_a,dataset_a
RQ-1608,dataset_a,dataset_a
RQ-1609,dataset_a,dataset_a
RQ-1618,dataset_a,dataset_a
RQ-1619,dataset_a,dataset_a
RQ-1637,dataset_a,dataset_a
RQ-1650,dataset_a,dataset_a
RQ-1651,dataset_a,dataset_a
RQ-1677,dataset_a,dataset_a
RQ-1683,dataset_a,dataset_a
RQ-1684,dataset_a,dataset_a
RQ-1700,dataset_a,dataset_a
RQ-1702,dataset_a,dataset_a
test-00001-orig,sign,sign
test-00001-interp1,sign,sign
test-00001-interp2,sign,sign
test-00001-interp3,sign,sign
test-00001-interp4,sign,sign
test-00001-interp5,sign,sign
test-00002-orig,sign,sign
test-00002-interp1,sign,sign
test-00002-interp2,sign,sign
test-00002-interp3,sign,sign
test-00002-interp4,sign,sign
test-00002-interp5,sign,sign
test-00003-orig,sign,sign
test-00003-interp1,sign,sign
test-00003-interp2,sign,sign
test-00003-interp3,sign,sign
test-00003-interp4,sign,sign
test-00003-interp5,sign,sign
test-00004-orig,sign,sign
test-00004-interp1,sign,sign
test-00004-interp2,sign,sign
test-00004-interp3,sign,sign
test-00004-interp4,sign,sign
test-00004-interp5,sign,sign
test-00005-orig,sign,sign
test-00005-interp1,sign,sign
test-00005-interp2,sign,dataset_a
test-00005-interp3,sign,sign
test-00005-interp4,sign,sign
test-00005-interp5,sign,sign
test-00006-orig,sign,sign
test-00006-interp1,sign,sign
test-00006-interp2,sign,sign
test-00006-interp3,sign,sign
test-00006-interp4,sign,sign
test-00006-interp5,sign,sign
test-00007-orig,sign,sign
test-00007-interp1,sign,sign
test-00007-interp2,sign,sign
test-00007-interp3,sign,sign
test-00007-interp4,sign,sign
test-00007-interp5,sign,sign
test-00007-interp6,sign,sign
test-00007-interp7,sign,sign
test-00007-interp8,sign,sign
test-00007-interp9,sign,sign
test-00007-interp10,sign,sign
test-00008-orig,sign,sign
test-00008-interp1,sign,sign
test-00008-interp2,sign,sign
test-00008-interp3,sign,sign
test-00008-interp4,sign,sign
test-00008-interp5,sign,sign
test-00008-interp6,sign,sign
test-00008-interp7,sign,sign
test-00008-interp8,sign,sign
test-00008-interp9,sign,sign
test-00008-interp10,sign,sign
test-00008-interp11,sign,sign
test-00008-interp12,sign,sign
test-00008-interp13,sign,sign
test-00008-interp14,sign,sign
test-00008-interp15,sign,sign
test-00009-orig,sign,sign
test-00009-interp1,sign,sign
test-00009-interp2,sign,sign
test-00009-interp3,sign,sign
test-00009-interp4,sign,sign
test-00009-interp5,sign,sign
test-00010-orig,sign,sign
test-00010-interp1,sign,sign
test-00010-interp2,sign,sign
test-00010-interp3,sign,sign
test-00010-interp4,sign,sign
test-00010-interp5,sign,sign
test-00010-interp6,sign,sign
test-00010-interp7,sign,sign
test-00010-interp8,sign,sign
test-00010-interp9,sign,sign
test-00010-interp10,sign,sign
test-00011-orig,sign,sign
test-00011-interp1,sign,sign
test-00011-interp2,sign,sign
test-00011-interp3,sign,sign
test-00011-interp4,sign,sign
test-00011-interp5,sign,sign
test-00012-orig,sign,sign
test-00012-interp1,sign,sign
test-00012-interp2,sign,sign
test-00012-interp3,sign,sign
test-00012-interp4,sign,sign
test-00012-interp5,sign,sign
test-00013-orig,sign,sign
test-00013-interp1,sign,sign
test-00013-interp2,sign,sign
test-00013-interp3,sign,sign
test-00013-interp4,sign,sign
test-00013-interp5,sign,sign
test-00014-orig,sign,sign
test-00014-interp1,sign,sign
test-00014-interp2,sign,sign
test-00014-interp3,sign,sign
test-00014-interp4,sign,sign
test-00014-interp5,sign,sign
test-00015-orig,sign,sign
test-00015-interp1,sign,sign
test-00015-interp2,sign,sign
test-00015-interp3,sign,sign
test-00015-interp4,sign,sign
test-00015-interp5,sign,sign
test-00016-orig,sign,sign
test-00016-interp1,sign,sign
test-00016-interp2,sign,sign
test-00016-interp3,sign,sign
test-00016-interp4,sign,sign
test-00016-interp5,sign,sign
test-00016-interp6,sign,sign
test-00016-interp7,sign,sign
test-00016-interp8,sign,sign
test-00016-interp9,sign,sign
test-00016-interp10,sign,sign
test-00017-orig,sign,sign
test-00017-interp1,sign,sign
test-00017-interp2,sign,sign
test-00017-interp3,sign,sign
test-00017-interp4,sign,sign
test-00017-interp5,sign,sign
test-00018-orig,sign,dataset_a
test-00018-interp1,sign,sign
test-00018-interp2,sign,sign
test-00018-interp3,sign,dataset_a
test-00018-interp4,sign,sign
test-00018-interp5,sign,dataset_a
test-00019-orig,sign,dataset_a
test-00019-interp1,sign,dataset_a
test-00019-interp2,sign,dataset_a
test-00019-interp3,sign,dataset_a
test-00019-interp4,sign,dataset_a
test-00019-interp5,sign,dataset_a
test-00020-orig,sign,sign
test-00020-interp1,sign,sign
test-00020-interp2,sign,sign
test-00020-interp3,sign,sign
test-00020-interp4,sign,sign
test-00020-interp5,sign,sign
test-00021-orig,sign,sign
test-00021-interp1,sign,sign
test-00021-interp2,sign,sign
test-00021-interp3,sign,sign
test-00021-interp4,sign,sign
test-00021-interp5,sign,sign
test-00022-orig,sign,sign
test-00022-interp1,sign,sign
test-00022-interp2,sign,sign
test-00022-interp3,sign,sign
test-00022-interp4,sign,sign
test-00022-interp5,sign,sign
test-00023-orig,sign,sign
test-00023-interp1,sign,dataset_a
test-00023-interp2,sign,sign
test-00023-interp3,sign,sign
test-00023-interp4,sign,sign
test-00023-interp5,sign,dataset_a
test-00024-orig,sign,dataset_a
test-00024-interp1,sign,sign
test-00024-interp2,sign,sign
test-00024-interp3,sign,sign
test-00024-interp4,sign,sign
test-00024-interp5,sign,sign
test-00024-interp6,sign,sign
test-00024-interp7,sign,sign
test-00024-interp8,sign,sign
test-00024-interp9,sign,sign
test-00024-interp10,sign,sign
test-00025-orig,sign,dataset_a
test-00025-interp1,sign,sign
test-00025-interp2,sign,sign
test-00025-interp3,sign,sign
test-00025-interp4,sign,sign
test-00025-interp5,sign,sign
test-00025-interp6,sign,sign
test-00025-interp7,sign,sign
test-00025-interp8,sign,sign
test-00025-interp9,sign,sign
test-00025-interp10,sign,sign
test-00026-orig,sign,sign
test-00026-interp1,sign,sign
test-00026-interp2,sign,sign
test-00026-interp3,sign,sign
test-00026-interp4,sign,sign
test-00026-interp5,sign,sign
test-00027-orig,sign,sign
test-00027-interp1,sign,sign
test-00027-interp2,sign,sign
test-00027-interp3,sign,sign
test-00027-interp4,sign,sign
test-00027-interp5,sign,sign
test-00028-orig,sign,sign
test-00028-interp1,sign,sign
test-00028-interp2,sign,sign
test-00028-interp3,sign,sign
test-00028-interp4,sign,sign
test-00028-interp5,sign,sign
test-00028-interp6,sign,sign
test-00028-interp7,sign,sign
test-00028-interp8,sign,sign
test-00028-interp9,sign,sign
test-00028-interp10,sign,sign
test-00029-orig,sign,sign
test-00029-interp1,sign,sign
test-00029-interp2,sign,sign
test-00029-interp3,sign,sign
test-00029-interp4,sign,sign
test-00029-interp5,sign,sign
test-00030-orig,sign,sign
test-00030-interp1,sign,sign
test-00030-interp2,sign,sign
test-00030-interp3,sign,sign
test-00030-interp4,sign,sign
test-00030-interp5,sign,sign
test-00031-orig,sign,sign
test-00031-interp1,sign,sign
test-00031-interp2,sign,sign
test-00031-interp3,sign,sign
test-00031-interp4,sign,sign
test-00031-interp5,sign,sign
test-00032-orig,sign,sign
test-00032-interp1,sign,sign
test-00032-interp2,sign,sign
test-00032-interp3,sign,sign
test-00032-interp4,sign,sign
test-00032-interp5,sign,sign
test-00033-orig,sign,sign
test-00033-interp1,sign,sign
test-00033-interp2,sign,sign
test-00033-interp3,sign,sign
test-00033-interp4,sign,sign
test-00033-interp5,sign,sign
test-00034-orig,sign,sign
test-00034-interp1,sign,sign
test-00034-interp2,sign,sign
test-00034-interp3,sign,sign
test-00034-interp4,sign,sign
test-00034-interp5,sign,sign
test-00035-orig,sign,sign
test-00035-interp1,sign,sign
test-00035-interp2,sign,sign
test-00035-interp3,sign,sign
test-00035-interp4,sign,sign
test-00035-interp5,sign,sign
test-00036-orig,sign,sign
test-00036-interp1,sign,sign
test-00036-interp2,sign,sign
test-00036-interp3,sign,sign
test-00036-interp4,sign,sign
test-00036-interp5,sign,sign
test-00036-interp6,sign,sign
test-00036-interp7,sign,sign
test-00036-interp8,sign,sign
test-00036-interp9,sign,sign
test-00036-interp10,sign,sign
test-00037-orig,sign,sign
test-00037-interp1,sign,sign
test-00037-interp2,sign,sign
test-00037-interp3,sign,sign
test-00037-interp4,sign,sign
test-00037-interp5,sign,sign
test-00038-orig,sign,sign
test-00038-interp1,sign,sign
test-00038-interp2,sign,sign
test-00038-interp3,sign,sign
test-00038-interp4,sign,sign
test-00038-interp5,sign,sign
test-00039-orig,sign,sign
test-00039-interp1,sign,sign
test-00039-interp2,sign,sign
test-00039-interp3,sign,sign
test-00039-interp4,sign,sign
test-00039-interp5,sign,sign
test-00040-orig,sign,sign
test-00040-interp1,sign,sign
test-00040-interp2,sign,sign
test-00040-interp3,sign,sign
test-00040-interp4,sign,sign
test-00040-interp5,sign,sign
test-00040-interp6,sign,sign
test-00040-interp7,sign,sign
test-00040-interp8,sign,sign
test-00040-interp9,sign,sign
test-00040-interp10,sign,sign
test-00041-orig,sign,sign
test-00041-interp1,sign,sign
test-00041-interp2,sign,sign
test-00041-interp3,sign,sign
test-00041-interp4,sign,sign
test-00041-interp5,sign,sign
test-00042-orig,sign,sign
test-00042-interp1,sign,sign
test-00042-interp2,sign,sign
test-00042-interp3,sign,sign
test-00042-interp4,sign,sign
test-00042-interp5,sign,sign
test-00043-orig,sign,sign
test-00043-interp1,sign,sign
test-00043-interp2,sign,sign
test-00043-interp3,sign,sign
test-00043-interp4,sign,sign
test-00043-interp5,sign,sign
test-00044-orig,sign,sign
test-00044-interp1,sign,sign
test-00044-interp2,sign,sign
test-00044-interp3,sign,sign
test-00044-interp4,sign,sign
test-00044-interp5,sign,sign
test-00045-orig,sign,sign
test-00045-interp1,sign,sign
test-00045-interp2,sign,sign
test-00045-interp3,sign,sign
test-00045-interp4,sign,sign
test-00045-interp5,sign,sign
test-00046-orig,sign,sign
test-00046-interp1,sign,sign
test-00046-interp2,sign,sign
test-00046-interp3,sign,sign
test-00046-interp4,sign,sign
test-00046-interp5,sign,sign
test-00047-orig,sign,sign
test-00047-interp1,sign,sign
test-00047-interp2,sign,sign
test-00047-interp3,sign,sign
test-00047-interp4,sign,sign
test-00047-interp5,sign,sign
test-00048-orig,sign,sign
test-00048-interp1,sign,sign
test-00048-interp2,sign,sign
test-00048-interp3,sign,sign
test-00048-interp4,sign,sign
test-00048-interp5,sign,sign
test-00049-orig,sign,sign
test-00049-interp1,sign,sign
test-00049-interp2,sign,sign
test-00049-interp3,sign,sign
test-00049-interp4,sign,sign
test-00049-interp5,sign,sign
test-00050-orig,sign,sign
test-00050-interp1,sign,sign
test-00050-interp2,sign,sign
test-00050-interp3,sign,sign
test-00050-interp4,sign,sign
test-00050-interp5,sign,sign
test-00050-interp6,sign,sign
test-00050-interp7,sign,sign
test-00050-interp8,sign,sign
test-00050-interp9,sign,sign
test-00050-interp10,sign,sign
test-00051-orig,sign,sign
test-00051-interp1,sign,sign
test-00051-interp2,sign,sign
test-00051-interp3,sign,sign
test-00051-interp4,sign,sign
test-00051-interp5,sign,sign
test-00052-orig,sign,dataset_a
test-00052-interp1,sign,sign
test-00052-interp2,sign,sign
test-00052-interp3,sign,dataset_a
test-00052-interp4,sign,sign
test-00052-interp5,sign,sign
test-00053-orig,sign,sign
test-00053-interp1,sign,sign
test-00053-interp2,sign,sign
test-00053-interp3,sign,sign
test-00053-interp4,sign,sign
test-00053-interp5,sign,sign
test-00054-orig,sign,sign
test-00054-interp1,sign,sign
test-00054-interp2,sign,sign
test-00054-interp3,sign,sign
test-00054-interp4,sign,sign
test-00054-interp5,sign,sign
test-00055-orig,sign,sign
test-00055-interp1,sign,sign
test-00055-interp2,sign,sign
test-00055-interp3,sign,sign
test-00055-interp4,sign,sign
test-00055-interp5,sign,sign
test-00056-orig,sign,sign
test-00056-interp1,sign,sign
test-00056-interp2,sign,sign
test-00056-interp3,sign,sign
test-00056-interp4,sign,sign
test-00056-interp5,sign,sign
test-00057-orig,sign,sign
test-00057-interp1,sign,sign
test-00057-interp2,sign,sign
test-00057-interp3,sign,sign
test-00057-interp4,sign,sign
test-00057-interp5,sign,sign
test-00058-orig,sign,sign
test-00058-interp1,sign,sign
test-00058-interp2,sign,sign
test-00058-interp3,sign,sign
test-00058-interp4,sign,sign
test-00058-interp5,sign,sign
test-00059-orig,sign,sign
test-00059-interp1,sign,sign
test-00059-interp2,sign,sign
test-00059-interp3,sign,sign
test-00059-interp4,sign,sign
test-00059-interp5,sign,sign
test-00060-orig,sign,sign
test-00060-interp1,sign,sign
test-00060-interp2,sign,sign
test-00060-interp3,sign,sign
test-00060-interp4,sign,sign
test-00060-interp5,sign,sign
test-00061-orig,sign,sign
test-00061-interp1,sign,sign
test-00061-interp2,sign,sign
test-00061-interp3,sign,sign
test-00061-interp4,sign,sign
test-00061-interp5,sign,sign
test-00062-orig,sign,sign
test-00062-interp1,sign,sign
test-00062-interp2,sign,sign
test-00062-interp3,sign,sign
test-00062-interp4,sign,sign
test-00062-interp5,sign,sign
test-00063-orig,sign,sign
test-00063-interp1,sign,sign
test-00063-interp2,sign,sign
test-00063-interp3,sign,sign
test-00063-interp4,sign,sign
test-00063-interp5,sign,sign
test-00064-orig,sign,sign
test-00064-interp1,sign,sign
test-00064-interp2,sign,sign
test-00064-interp3,sign,sign
test-00064-interp4,sign,sign
test-00064-interp5,sign,sign
test-00065-orig,sign,sign
test-00065-interp1,sign,sign
test-00065-interp2,sign,sign
test-00065-interp3,sign,sign
test-00065-interp4,sign,sign
test-00065-interp5,sign,sign
test-00065-interp6,sign,sign
test-00065-interp7,sign,sign
test-00065-interp8,sign,sign
test-00065-interp9,sign,sign
test-00065-interp10,sign,sign
test-00066-orig,sign,sign
test-00066-interp1,sign,sign
test-00066-interp2,sign,sign
test-00066-interp3,sign,sign
test-00066-interp4,sign,sign
test-00066-interp5,sign,sign
test-00067-orig,sign,sign
test-00067-interp1,sign,sign
test-00067-interp2,sign,sign
test-00067-interp3,sign,sign
test-00067-interp4,sign,sign
test-00067-interp5,sign,sign
test-00068-orig,sign,sign
test-00068-interp1,sign,sign
test-00068-interp2,sign,sign
test-00068-interp3,sign,sign
test-00068-interp4,sign,sign
test-00068-interp5,sign,sign
test-00069-orig,sign,sign
test-00069-interp1,sign,sign
test-00069-interp2,sign,sign
test-00069-interp3,sign,sign
test-00069-interp4,sign,sign
test-00069-interp5,sign,sign
test-00070-orig,sign,sign
test-00070-interp1,sign,sign
test-00070-interp2,sign,sign
test-00070-interp3,sign,sign
test-00070-interp4,sign,sign
test-00070-interp5,sign,dataset_a
test-00070-interp6,sign,sign
test-00070-interp7,sign,sign
test-00070-interp8,sign,sign
test-00070-interp9,sign,sign
test-00070-interp10,sign,sign
test-00071-orig,sign,sign
test-00071-interp1,sign,sign
test-00071-interp2,sign,sign
test-00071-interp3,sign,sign
test-00071-interp4,sign,sign
test-00071-interp5,sign,sign
test-00072-orig,sign,sign
test-00072-interp1,sign,sign
test-00072-interp2,sign,sign
test-00072-interp3,sign,sign
test-00072-interp4,sign,sign
test-00072-interp5,sign,sign
test-00073-orig,sign,sign
test-00073-interp1,sign,sign
test-00073-interp2,sign,sign
test-00073-interp3,sign,sign
test-00073-interp4,sign,sign
test-00073-interp5,sign,sign
test-00074-orig,sign,sign
test-00074-interp1,sign,sign
test-00074-interp2,sign,sign
test-00074-interp3,sign,sign
test-00074-interp4,sign,sign
test-00074-interp5,sign,sign
test-00075-orig,sign,sign
test-00075-interp1,sign,sign
test-00075-interp2,sign,sign
test-00075-interp3,sign,sign
test-00075-interp4,sign,sign
test-00075-interp5,sign,sign
test-00076-orig,sign,sign
test-00076-interp1,sign,sign
test-00076-interp2,sign,sign
test-00076-interp3,sign,sign
test-00076-interp4,sign,sign
test-00076-interp5,sign,sign
test-00077-orig,sign,sign
test-00077-interp1,sign,sign
test-00077-interp2,sign,sign
test-00077-interp3,sign,sign
test-00077-interp4,sign,sign
test-00077-interp5,sign,sign
test-00078-orig,sign,sign
test-00078-interp1,sign,sign
test-00078-interp2,sign,sign
test-00078-interp3,sign,sign
test-00078-interp4,sign,sign
test-00078-interp5,sign,sign
test-00079-orig,sign,sign
test-00079-interp1,sign,sign
test-00079-interp2,sign,sign
test-00079-interp3,sign,sign
test-00079-interp4,sign,sign
test-00079-interp5,sign,sign
test-00080-orig,sign,sign
test-00080-interp1,sign,sign
test-00080-interp2,sign,sign
test-00080-interp3,sign,sign
test-00080-interp4,sign,sign
test-00080-interp5,sign,sign
test-00081-orig,sign,dataset_a
test-00081-interp1,sign,sign
test-00081-interp2,sign,dataset_a
test-00081-interp3,sign,sign
test-00081-interp4,sign,sign
test-00081-interp5,sign,sign
test-00082-orig,sign,sign
test-00082-interp1,sign,sign
test-00082-interp2,sign,sign
test-00082-interp3,sign,sign
test-00082-interp4,sign,sign
test-00082-interp5,sign,sign
test-00083-orig,sign,sign
test-00083-interp1,sign,sign
test-00083-interp2,sign,sign
test-00083-interp3,sign,sign
test-00083-interp4,sign,sign
test-00083-interp5,sign,sign
test-00084-orig,sign,sign
test-00084-interp1,sign,sign
test-00084-interp2,sign,sign
test-00084-interp3,sign,sign
test-00084-interp4,sign,sign
test-00084-interp5,sign,sign
test-00085-orig,sign,dataset_a
test-00085-interp1,sign,sign
test-00085-interp2,sign,sign
test-00085-interp3,sign,dataset_a
test-00085-interp4,sign,sign
test-00085-interp5,sign,dataset_a
test-00086-orig,sign,sign
test-00086-interp1,sign,sign
test-00086-interp2,sign,sign
test-00086-interp3,sign,sign
test-00086-interp4,sign,sign
test-00086-interp5,sign,sign
test-00087-orig,sign,sign
test-00087-interp1,sign,sign
test-00087-interp2,sign,sign
test-00087-interp3,sign,sign
test-00087-interp4,sign,sign
test-00087-interp5,sign,sign
test-00088-orig,sign,sign
test-00088-interp1,sign,sign
test-00088-interp2,sign,sign
test-00088-interp3,sign,sign
test-00088-interp4,sign,sign
test-00088-interp5,sign,sign
test-00089-orig,sign,sign
test-00089-interp1,sign,sign
test-00089-interp2,sign,sign
test-00089-interp3,sign,sign
test-00089-interp4,sign,sign
test-00089-interp5,sign,sign
test-00089-interp6,sign,sign
test-00089-interp7,sign,sign
test-00089-interp8,sign,sign
test-00089-interp9,sign,sign
test-00089-interp10,sign,sign
test-00090-orig,sign,sign
test-00090-interp1,sign,sign
test-00090-interp2,sign,sign
test-00090-interp3,sign,sign
test-00090-interp4,sign,sign
test-00090-interp5,sign,sign
test-00091-orig,sign,sign
test-00091-interp1,sign,sign
test-00091-interp2,sign,dataset_a
test-00091-interp3,sign,sign
test-00091-interp4,sign,sign
test-00091-interp5,sign,sign
test-00092-orig,sign,dataset_a
test-00092-interp1,sign,dataset_a
test-00092-interp2,sign,sign
test-00092-interp3,sign,dataset_a
test-00092-interp4,sign,sign
test-00092-interp5,sign,sign
test-00092-interp6,sign,dataset_a
test-00092-interp7,sign,sign
test-00092-interp8,sign,dataset_a
test-00092-interp9,sign,sign
test-00092-interp10,sign,sign
test-00093-orig,sign,sign
test-00093-interp1,sign,sign
test-00093-interp2,sign,sign
test-00093-interp3,sign,sign
test-00093-interp4,sign,sign
test-00093-interp5,sign,sign
test-00093-interp6,sign,sign
test-00093-interp7,sign,sign
test-00093-interp8,sign,sign
test-00093-interp9,sign,sign
test-00093-interp10,sign,sign
test-00094-orig,sign,sign
test-00094-interp1,sign,sign
test-00094-interp2,sign,sign
test-00094-interp3,sign,sign
test-00094-interp4,sign,sign
test-00094-interp5,sign,sign
test-00095-orig,sign,sign
test-00095-interp1,sign,sign
test-00095-interp2,sign,sign
test-00095-interp3,sign,sign
test-00095-interp4,sign,sign
test-00095-interp5,sign,sign
test-00096-orig,sign,sign
test-00096-interp1,sign,sign
test-00096-interp2,sign,dataset_a
test-00096-interp3,sign,sign
test-00096-interp4,sign,sign
test-00096-interp5,sign,sign
test-00097-orig,sign,sign
test-00097-interp1,sign,sign
test-00097-interp2,sign,sign
test-00097-interp3,sign,sign
test-00097-interp4,sign,sign
test-00097-interp5,sign,sign
test-00098-orig,sign,sign
test-00098-interp1,sign,sign
test-00098-interp2,sign,sign
test-00098-interp3,sign,sign
test-00098-interp4,sign,sign
test-00098-interp5,sign,sign
test-00099-orig,sign,sign
test-00099-interp1,sign,sign
test-00099-interp2,sign,dataset_a
test-00099-interp3,sign,sign
test-00099-interp4,sign,sign
test-00099-interp5,sign,sign
test-00100-orig,sign,sign
test-00100-interp1,sign,sign
test-00100-interp2,sign,sign
test-00100-interp3,sign,sign
test-00100-interp4,sign,sign
test-00100-interp5,sign,sign
test-00100-interp6,sign,sign
test-00100-interp7,sign,sign
test-00100-interp8,sign,sign
test-00100-interp9,sign,sign
test-00100-interp10,sign,sign
test-00101-orig,sign,sign
test-00101-interp1,sign,sign
test-00101-interp2,sign,sign
test-00101-interp3,sign,sign
test-00101-interp4,sign,sign
test-00101-interp5,sign,sign
test-00102-orig,sign,sign
test-00102-interp1,sign,sign
test-00102-interp2,sign,sign
test-00102-interp3,sign,sign
test-00102-interp4,sign,sign
test-00102-interp5,sign,sign
test-00103-orig,sign,sign
test-00103-interp1,sign,sign
test-00103-interp2,sign,sign
test-00103-interp3,sign,sign
test-00103-interp4,sign,sign
test-00103-interp5,sign,sign
test-00104-orig,sign,dataset_a
test-00104-interp1,sign,dataset_a
test-00104-interp2,sign,sign
test-00104-interp3,sign,sign
test-00104-interp4,sign,sign
test-00104-interp5,sign,sign
test-00105-orig,sign,sign
test-00105-interp1,sign,sign
test-00105-interp2,sign,sign
test-00105-interp3,sign,sign
test-00105-interp4,sign,sign
test-00105-interp5,sign,sign
test-00106-orig,sign,sign
test-00106-interp1,sign,sign
test-00106-interp2,sign,sign
test-00106-interp3,sign,sign
test-00106-interp4,sign,sign
test-00106-interp5,sign,sign
test-00107-orig,sign,sign
test-00107-interp1,sign,sign
test-00107-interp2,sign,sign
test-00107-interp3,sign,sign
test-00107-interp4,sign,sign
test-00107-interp5,sign,sign
test-00108-orig,sign,sign
test-00108-interp1,sign,sign
test-00108-interp2,sign,sign
test-00108-interp3,sign,sign
test-00108-interp4,sign,sign
test-00108-interp5,sign,sign
test-00109-orig,sign,dataset_a
test-00109-interp1,sign,dataset_a
test-00109-interp2,sign,dataset_a
test-00109-interp3,sign,dataset_a
test-00109-interp4,sign,sign
test-00109-interp5,sign,dataset_a
test-00110-orig,sign,sign
test-00110-interp1,sign,sign
test-00110-interp2,sign,sign
test-00110-interp3,sign,sign
test-00110-interp4,sign,sign
test-00110-interp5,sign,sign
test-00111-orig,sign,sign
test-00111-interp1,sign,sign
test-00111-interp2,sign,sign
test-00111-interp3,sign,sign
test-00111-interp4,sign,sign
test-00111-interp5,sign,sign
test-00112-orig,sign,sign
test-00112-interp1,sign,sign
test-00112-interp2,sign,sign
test-00112-interp3,sign,sign
test-00112-interp4,sign,sign
test-00112-interp5,sign,sign
test-00113-orig,sign,sign
test-00113-interp1,sign,sign
test-00113-interp2,sign,sign
test-00113-interp3,sign,sign
test-00113-interp4,sign,sign
test-00113-interp5,sign,sign
test-00114-orig,sign,sign
test-00114-interp1,sign,sign
test-00114-interp2,sign,sign
test-00114-interp3,sign,sign
test-00114-interp4,sign,sign
test-00114-interp5,sign,sign
test-00115-orig,sign,sign
test-00115-interp1,sign,sign
test-00115-interp2,sign,sign
test-00115-interp3,sign,sign
test-00115-interp4,sign,sign
test-00115-interp5,sign,sign
test-00116-orig,sign,dataset_a
test-00116-interp1,sign,dataset_a
test-00116-interp2,sign,dataset_a
test-00116-interp3,sign,dataset_a
test-00116-interp4,sign,sign
test-00116-interp5,sign,dataset_a
test-00116-interp6,sign,dataset_a
test-00116-interp7,sign,dataset_a
test-00116-interp8,sign,dataset_a
test-00116-interp9,sign,sign
test-00116-interp10,sign,dataset_a
test-00117-orig,sign,sign
test-00117-interp1,sign,sign
test-00117-interp2,sign,sign
test-00117-interp3,sign,dataset_a
test-00117-interp4,sign,sign
test-00117-interp5,sign,sign
test-00118-orig,sign,sign
test-00118-interp1,sign,sign
test-00118-interp2,sign,sign
test-00118-interp3,sign,sign
test-00118-interp4,sign,sign
test-00118-interp5,sign,sign
test-00119-orig,sign,sign
test-00119-interp1,sign,sign
test-00119-interp2,sign,sign
test-00119-interp3,sign,sign
test-00119-interp4,sign,sign
test-00119-interp5,sign,sign
test-00120-orig,sign,sign
test-00120-interp1,sign,sign
test-00120-interp2,sign,sign
test-00120-interp3,sign,sign
test-00120-interp4,sign,sign
test-00120-interp5,sign,sign
test-00121-orig,sign,sign
test-00121-interp1,sign,sign
test-00121-interp2,sign,sign
test-00121-interp3,sign,sign
test-00121-interp4,sign,sign
test-00121-interp5,sign,sign
test-00122-orig,sign,sign
test-00122-interp1,sign,sign
test-00122-interp2,sign,sign
test-00122-interp3,sign,sign
test-00122-interp4,sign,sign
test-00122-interp5,sign,sign
test-00123-orig,sign,sign
test-00123-interp1,sign,sign
test-00123-interp2,sign,sign
test-00123-interp3,sign,sign
test-00123-interp4,sign,sign
test-00123-interp5,sign,sign
test-00124-orig,sign,dataset_a
test-00124-interp1,sign,dataset_a
test-00124-interp2,sign,sign
test-00124-interp3,sign,dataset_a
test-00124-interp4,sign,sign
test-00124-interp5,sign,dataset_a
test-00125-orig,sign,sign
test-00125-interp1,sign,sign
test-00125-interp2,sign,sign
test-00125-interp3,sign,sign
test-00125-interp4,sign,sign
test-00125-interp5,sign,sign
test-00126-orig,sign,sign
test-00126-interp1,sign,sign
test-00126-interp2,sign,sign
test-00126-interp3,sign,sign
test-00126-interp4,sign,sign
test-00126-interp5,sign,sign
test-00127-orig,sign,sign
test-00127-interp1,sign,sign
test-00127-interp2,sign,sign
test-00127-interp3,sign,sign
test-00127-interp4,sign,sign
test-00127-interp5,sign,sign
test-00128-orig,sign,dataset_a
test-00128-interp1,sign,sign
test-00128-interp2,sign,sign
test-00128-interp3,sign,sign
test-00128-interp4,sign,sign
test-00128-interp5,sign,sign
test-00129-orig,sign,sign
test-00129-interp1,sign,sign
test-00129-interp2,sign,sign
test-00129-interp3,sign,sign
test-00129-interp4,sign,sign
test-00129-interp5,sign,sign
test-00130-orig,sign,sign
test-00130-interp1,sign,sign
test-00130-interp2,sign,sign
test-00130-interp3,sign,dataset_a
test-00130-interp4,sign,sign
test-00130-interp5,sign,sign
test-00131-orig,sign,sign
test-00131-interp1,sign,sign
test-00131-interp2,sign,sign
test-00131-interp3,sign,sign
test-00131-interp4,sign,sign
test-00131-interp5,sign,sign
test-00132-orig,sign,sign
test-00132-interp1,sign,sign
test-00132-interp2,sign,sign
test-00132-interp3,sign,sign
test-00132-interp4,sign,sign
test-00132-interp5,sign,sign
test-00133-orig,sign,sign
test-00133-interp1,sign,sign
test-00133-interp2,sign,sign
test-00133-interp3,sign,sign
test-00133-interp4,sign,sign
test-00133-interp5,sign,sign
test-00134-orig,sign,sign
test-00134-interp1,sign,sign
test-00134-interp2,sign,sign
test-00134-interp3,sign,sign
test-00134-interp4,sign,sign
test-00134-interp5,sign,sign
test-00135-orig,sign,dataset_a
test-00135-interp1,sign,dataset_a
test-00135-interp2,sign,dataset_a
test-00135-interp3,sign,dataset_a
test-00135-interp4,sign,dataset_a
test-00135-interp5,sign,dataset_a
test-00136-orig,sign,sign
test-00136-interp1,sign,sign
test-00136-interp2,sign,sign
test-00136-interp3,sign,sign
test-00136-interp4,sign,sign
test-00136-interp5,sign,sign
test-00137-orig,sign,sign
test-00137-interp1,sign,sign
test-00137-interp2,sign,sign
test-00137-interp3,sign,sign
test-00137-interp4,sign,sign
test-00137-interp5,sign,sign
test-00138-orig,sign,sign
test-00138-interp1,sign,sign
test-00138-interp2,sign,sign
test-00138-interp3,sign,sign
test-00138-interp4,sign,sign
test-00138-interp5,sign,sign
test-00139-orig,sign,sign
test-00139-interp1,sign,sign
test-00139-interp2,sign,sign
test-00139-interp3,sign,sign
test-00139-interp4,sign,dataset_a
test-00139-interp5,sign,sign
test-00140-orig,sign,sign
test-00140-interp1,sign,sign
test-00140-interp2,sign,sign
test-00140-interp3,sign,sign
test-00140-interp4,sign,sign
test-00140-interp5,sign,sign
test-00141-orig,sign,sign
test-00141-interp1,sign,sign
test-00141-interp2,sign,sign
test-00141-interp3,sign,sign
test-00141-interp4,sign,sign
test-00141-interp5,sign,sign
test-00142-orig,sign,sign
test-00142-interp1,sign,sign
test-00142-interp2,sign,sign
test-00142-interp3,sign,sign
test-00142-interp4,sign,sign
test-00142-interp5,sign,sign
test-00143-orig,sign,sign
test-00143-interp1,sign,sign
test-00143-interp2,sign,sign
test-00143-interp3,sign,sign
test-00143-interp4,sign,sign
test-00143-interp5,sign,sign
test-00144-orig,sign,sign
test-00144-interp1,sign,sign
test-00144-interp2,sign,sign
test-00144-interp3,sign,sign
test-00144-interp4,sign,sign
test-00144-interp5,sign,sign
test-00145-orig,sign,sign
test-00145-interp1,sign,sign
test-00145-interp2,sign,sign
test-00145-interp3,sign,sign
test-00145-interp4,sign,sign
test-00145-interp5,sign,sign
test-00146-orig,sign,dataset_a
test-00146-interp1,sign,dataset_a
test-00146-interp2,sign,sign
test-00146-interp3,sign,dataset_a
test-00146-interp4,sign,dataset_a
test-00146-interp5,sign,sign
test-00147-orig,sign,sign
test-00147-interp1,sign,sign
test-00147-interp2,sign,sign
test-00147-interp3,sign,sign
test-00147-interp4,sign,sign
test-00147-interp5,sign,sign
test-00148-orig,sign,sign
test-00148-interp1,sign,sign
test-00148-interp2,sign,sign
test-00148-interp3,sign,sign
test-00148-interp4,sign,sign
test-00148-interp5,sign,sign
test-00149-orig,sign,sign
test-00149-interp1,sign,sign
test-00149-interp2,sign,sign
test-00149-interp3,sign,sign
test-00149-interp4,sign,sign
test-00149-interp5,sign,sign
test-00150-orig,sign,sign
test-00150-interp1,sign,sign
test-00150-interp2,sign,sign
test-00150-interp3,sign,sign
test-00150-interp4,sign,sign
test-00150-interp5,sign,sign
test-00151-orig,sign,dataset_a
test-00151-interp1,sign,sign
test-00151-interp2,sign,sign
test-00151-interp3,sign,dataset_a
test-00151-interp4,sign,sign
test-00151-interp5,sign,sign
test-00152-orig,sign,sign
test-00152-interp1,sign,sign
test-00152-interp2,sign,sign
test-00152-interp3,sign,sign
test-00152-interp4,sign,sign
test-00152-interp5,sign,sign
test-00153-orig,sign,sign
test-00153-interp1,sign,sign
test-00153-interp2,sign,sign
test-00153-interp3,sign,sign
test-00153-interp4,sign,sign
test-00153-interp5,sign,sign
test-00154-orig,sign,sign
test-00154-interp1,sign,sign
test-00154-interp2,sign,sign
test-00154-interp3,sign,sign
test-00154-interp4,sign,sign
test-00154-interp5,sign,sign
test-00155-orig,sign,dataset_a
test-00155-interp1,sign,dataset_a
test-00155-interp2,sign,sign
test-00155-interp3,sign,dataset_a
test-00155-interp4,sign,sign
test-00155-interp5,sign,dataset_a
test-00156-orig,sign,sign
test-00156-interp1,sign,sign
test-00156-interp2,sign,sign
test-00156-interp3,sign,sign
test-00156-interp4,sign,sign
test-00156-interp5,sign,sign
test-00157-orig,sign,sign
test-00157-interp1,sign,sign
test-00157-interp2,sign,sign
test-00157-interp3,sign,sign
test-00157-interp4,sign,sign
test-00157-interp5,sign,sign
test-00158-orig,sign,dataset_a
test-00158-interp1,sign,dataset_a
test-00158-interp2,sign,dataset_a
test-00158-interp3,sign,dataset_a
test-00158-interp4,sign,sign
test-00158-interp5,sign,sign
test-00158-interp6,sign,dataset_a
test-00158-interp7,sign,dataset_a
test-00158-interp8,sign,dataset_a
test-00158-interp9,sign,sign
test-00158-interp10,sign,sign
test-00159-orig,sign,sign
test-00159-interp1,sign,sign
test-00159-interp2,sign,sign
test-00159-interp3,sign,sign
test-00159-interp4,sign,sign
test-00159-interp5,sign,sign
test-00160-orig,sign,sign
test-00160-interp1,sign,sign
test-00160-interp2,sign,sign
test-00160-interp3,sign,sign
test-00160-interp4,sign,sign
test-00160-interp5,sign,sign
test-00161-orig,sign,sign
test-00161-interp1,sign,sign
test-00161-interp2,sign,sign
test-00161-interp3,sign,sign
test-00161-interp4,sign,sign
test-00161-interp5,sign,sign
test-00162-orig,sign,sign
test-00162-interp1,sign,sign
test-00162-interp2,sign,sign
test-00162-interp3,sign,sign
test-00162-interp4,sign,sign
test-00162-interp5,sign,sign
test-00163-orig,sign,sign
test-00163-interp1,sign,sign
test-00163-interp2,sign,sign
test-00163-interp3,sign,sign
test-00163-interp4,sign,sign
test-00163-interp5,sign,sign
test-00164-orig,sign,sign
test-00164-interp1,sign,sign
test-00164-interp2,sign,sign
test-00164-interp3,sign,dataset_a
test-00164-interp4,sign,sign
test-00164-interp5,sign,sign
test-00165-orig,sign,dataset_a
test-00165-interp1,sign,dataset_a
test-00165-interp2,sign,sign
test-00165-interp3,sign,dataset_a
test-00165-interp4,sign,dataset_a
test-00165-interp5,sign,dataset_a
test-00166-orig,sign,sign
test-00166-interp1,sign,sign
test-00166-interp2,sign,sign
test-00166-interp3,sign,sign
test-00166-interp4,sign,sign
test-00166-interp5,sign,sign
test-00167-orig,sign,sign
test-00167-interp1,sign,sign
test-00167-interp2,sign,sign
test-00167-interp3,sign,sign
test-00167-interp4,sign,sign
test-00167-interp5,sign,sign
test-00167-interp6,sign,sign
test-00167-interp7,sign,sign
test-00167-interp8,sign,sign
test-00167-interp9,sign,sign
test-00167-interp10,sign,sign
test-00168-orig,sign,sign
test-00168-interp1,sign,sign
test-00168-interp2,sign,sign
test-00168-interp3,sign,sign
test-00168-interp4,sign,sign
test-00168-interp5,sign,sign
test-00168-interp6,sign,sign
test-00168-interp7,sign,sign
test-00168-interp8,sign,sign
test-00168-interp9,sign,sign
test-00168-interp10,sign,sign
test-00169-orig,sign,sign
test-00169-interp1,sign,sign
test-00169-interp2,sign,sign
test-00169-interp3,sign,sign
test-00169-interp4,sign,sign
test-00169-interp5,sign,sign
test-00170-orig,sign,sign
test-00170-interp1,sign,sign
test-00170-interp2,sign,sign
test-00170-interp3,sign,sign
test-00170-interp4,sign,sign
test-00170-interp5,sign,sign
test-00171-orig,sign,sign
test-00171-interp1,sign,sign
test-00171-interp2,sign,sign
test-00171-interp3,sign,sign
test-00171-interp4,sign,sign
test-00171-interp5,sign,sign
test-00172-orig,sign,sign
test-00172-interp1,sign,sign
test-00172-interp2,sign,sign
test-00172-interp3,sign,sign
test-00172-interp4,sign,sign
test-00172-interp5,sign,sign
test-00173-orig,sign,dataset_a
test-00173-interp1,sign,sign
test-00173-interp2,sign,sign
test-00173-interp3,sign,dataset_a
test-00173-interp4,sign,dataset_a
test-00173-interp5,sign,dataset_a
test-00174-orig,sign,sign
test-00174-interp1,sign,sign
test-00174-interp2,sign,sign
test-00174-interp3,sign,sign
test-00174-interp4,sign,sign
test-00174-interp5,sign,sign
test-00175-orig,sign,sign
test-00175-interp1,sign,sign
test-00175-interp2,sign,sign
test-00175-interp3,sign,sign
test-00175-interp4,sign,sign
test-00175-interp5,sign,sign
test-00176-orig,sign,sign
test-00176-interp1,sign,sign
test-00176-interp2,sign,sign
test-00176-interp3,sign,sign
test-00176-interp4,sign,sign
test-00176-interp5,sign,sign
test-00177-orig,sign,sign
test-00177-interp1,sign,sign
test-00177-interp2,sign,sign
test-00177-interp3,sign,sign
test-00177-interp4,sign,sign
test-00177-interp5,sign,sign
test-00178-orig,sign,dataset_a
test-00178-interp1,sign,dataset_a
test-00178-interp2,sign,dataset_a
test-00178-interp3,sign,dataset_a
test-00178-interp4,sign,sign
test-00178-interp5,sign,sign
test-00179-orig,sign,sign
test-00179-interp1,sign,sign
test-00179-interp2,sign,sign
test-00179-interp3,sign,sign
test-00179-interp4,sign,sign
test-00179-interp5,sign,sign
test-00180-orig,sign,sign
test-00180-interp1,sign,sign
test-00180-interp2,sign,sign
test-00180-interp3,sign,sign
test-00180-interp4,sign,sign
test-00180-interp5,sign,sign
test-00181-orig,sign,sign
test-00181-interp1,sign,sign
test-00181-interp2,sign,sign
test-00181-interp3,sign,sign
test-00181-interp4,sign,sign
test-00181-interp5,sign,sign
test-00182-orig,sign,sign
test-00182-interp1,sign,sign
test-00182-interp2,sign,sign
test-00182-interp3,sign,sign
test-00182-interp4,sign,sign
test-00182-interp5,sign,sign
test-00183-orig,sign,sign
test-00183-interp1,sign,sign
test-00183-interp2,sign,sign
test-00183-interp3,sign,sign
test-00183-interp4,sign,sign
test-00183-interp5,sign,sign
test-00184-orig,sign,dataset_a
test-00184-interp1,sign,sign
test-00184-interp2,sign,sign
test-00184-interp3,sign,dataset_a
test-00184-interp4,sign,dataset_a
test-00184-interp5,sign,sign
test-00185-orig,sign,sign
test-00185-interp1,sign,sign
test-00185-interp2,sign,sign
test-00185-interp3,sign,sign
test-00185-interp4,sign,sign
test-00185-interp5,sign,sign
test-00186-orig,sign,sign
test-00186-interp1,sign,sign
test-00186-interp2,sign,sign
test-00186-interp3,sign,sign
test-00186-interp4,sign,sign
test-00186-interp5,sign,sign
test-00187-orig,sign,dataset_a
test-00187-interp1,sign,dataset_a
test-00187-interp2,sign,dataset_a
test-00187-interp3,sign,dataset_a
test-00187-interp4,sign,sign
test-00187-interp5,sign,dataset_a
test-00188-orig,sign,sign
test-00188-interp1,sign,sign
test-00188-interp2,sign,sign
test-00188-interp3,sign,sign
test-00188-interp4,sign,sign
test-00188-interp5,sign,sign
test-00189-orig,sign,sign
test-00189-interp1,sign,sign
test-00189-interp2,sign,sign
test-00189-interp3,sign,sign
test-00189-interp4,sign,sign
test-00189-interp5,sign,sign
test-00190-orig,sign,sign
test-00190-interp1,sign,sign
test-00190-interp2,sign,sign
test-00190-interp3,sign,sign
test-00190-interp4,sign,sign
test-00190-interp5,sign,sign
test-00190-interp6,sign,sign
test-00190-interp7,sign,sign
test-00190-interp8,sign,sign
test-00190-interp9,sign,sign
test-00190-interp10,sign,sign
test-00191-orig,sign,sign
test-00191-interp1,sign,sign
test-00191-interp2,sign,sign
test-00191-interp3,sign,sign
test-00191-interp4,sign,sign
test-00191-interp5,sign,sign
test-00191-interp6,sign,sign
test-00191-interp7,sign,sign
test-00191-interp8,sign,sign
test-00191-interp9,sign,sign
test-00191-interp10,sign,sign
test-00192-orig,sign,dataset_a
test-00192-interp1,sign,dataset_a
test-00192-interp2,sign,sign
test-00192-interp3,sign,dataset_a
test-00192-interp4,sign,dataset_a
test-00192-interp5,sign,dataset_a
test-00193-orig,sign,sign
test-00193-interp1,sign,sign
test-00193-interp2,sign,sign
test-00193-interp3,sign,sign
test-00193-interp4,sign,sign
test-00193-interp5,sign,sign
test-00194-orig,sign,dataset_a
test-00194-interp1,sign,dataset_a
test-00194-interp2,sign,dataset_a
test-00194-interp3,sign,dataset_a
test-00194-interp4,sign,sign
test-00194-interp5,sign,dataset_a
test-00195-orig,sign,sign
test-00195-interp1,sign,sign
test-00195-interp2,sign,sign
test-00195-interp3,sign,sign
test-00195-interp4,sign,sign
test-00195-interp5,sign,sign
test-00196-orig,sign,sign
test-00196-interp1,sign,sign
test-00196-interp2,sign,sign
test-00196-interp3,sign,sign
test-00196-interp4,sign,sign
test-00196-interp5,sign,sign
test-00196-interp6,sign,sign
test-00196-interp7,sign,sign
test-00196-interp8,sign,sign
test-00196-interp9,sign,sign
test-00196-interp10,sign,sign
test-00197-orig,sign,sign
test-00197-interp1,sign,sign
test-00197-interp2,sign,sign
test-00197-interp3,sign,sign
test-00197-interp4,sign,sign
test-00197-interp5,sign,sign
test-00198-orig,sign,sign
test-00198-interp1,sign,sign
test-00198-interp2,sign,sign
test-00198-interp3,sign,sign
test-00198-interp4,sign,sign
test-00198-interp5,sign,sign
test-00199-orig,sign,sign
test-00199-interp1,sign,sign
test-00199-interp2,sign,sign
test-00199-interp3,sign,sign
test-00199-interp4,sign,sign
test-00199-interp5,sign,sign
test-00200-orig,sign,sign
test-00200-interp1,sign,sign
test-00200-interp2,sign,sign
test-00200-interp3,sign,sign
test-00200-interp4,sign,sign
test-00200-interp5,sign,sign
test-00201-orig,sign,dataset_a
test-00201-interp1,sign,sign
test-00201-interp2,sign,sign
test-00201-interp3,sign,dataset_a
test-00201-interp4,sign,sign
test-00201-interp5,sign,dataset_a
test-00201-interp6,sign,sign
test-00201-interp7,sign,sign
test-00201-interp8,sign,dataset_a
test-00201-interp9,sign,sign
test-00201-interp10,sign,dataset_a
test-00202-orig,sign,sign
test-00202-interp1,sign,sign
test-00202-interp2,sign,sign
test-00202-interp3,sign,sign
test-00202-interp4,sign,sign
test-00202-interp5,sign,sign
test-00203-orig,sign,dataset_a
test-00203-interp1,sign,sign
test-00203-interp2,sign,sign
test-00203-interp3,sign,dataset_a
test-00203-interp4,sign,sign
test-00203-interp5,sign,dataset_a
test-00204-orig,sign,sign
test-00204-interp1,sign,sign
test-00204-interp2,sign,sign
test-00204-interp3,sign,sign
test-00204-interp4,sign,sign
test-00204-interp5,sign,sign
test-00205-orig,sign,sign
test-00205-interp1,sign,sign
test-00205-interp2,sign,sign
test-00205-interp3,sign,sign
test-00205-interp4,sign,sign
test-00205-interp5,sign,sign
test-00206-orig,sign,sign
test-00206-interp1,sign,sign
test-00206-interp2,sign,sign
test-00206-interp3,sign,sign
test-00206-interp4,sign,sign
test-00206-interp5,sign,sign
test-00207-orig,sign,sign
test-00207-interp1,sign,sign
test-00207-interp2,sign,sign
test-00207-interp3,sign,sign
test-00207-interp4,sign,sign
test-00207-interp5,sign,sign
test-00208-orig,sign,sign
test-00208-interp1,sign,sign
test-00208-interp2,sign,sign
test-00208-interp3,sign,sign
test-00208-interp4,sign,sign
test-00208-interp5,sign,sign
test-00209-orig,sign,sign
test-00209-interp1,sign,sign
test-00209-interp2,sign,sign
test-00209-interp3,sign,sign
test-00209-interp4,sign,sign
test-00209-interp5,sign,sign
test-00210-orig,sign,sign
test-00210-interp1,sign,sign
test-00210-interp2,sign,sign
test-00210-interp3,sign,sign
test-00210-interp4,sign,sign
test-00210-interp5,sign,sign
test-00211-orig,sign,dataset_a
test-00211-interp1,sign,dataset_a
test-00211-interp2,sign,dataset_a
test-00211-interp3,sign,dataset_a
test-00211-interp4,sign,dataset_a
test-00211-interp5,sign,dataset_a
test-00212-orig,sign,sign
test-00212-interp1,sign,sign
test-00212-interp2,sign,sign
test-00212-interp3,sign,sign
test-00212-interp4,sign,sign
test-00212-interp5,sign,sign
test-00213-orig,sign,sign
test-00213-interp1,sign,sign
test-00213-interp2,sign,sign
test-00213-interp3,sign,sign
test-00213-interp4,sign,sign
test-00213-interp5,sign,sign
test-00214-orig,sign,sign
test-00214-interp1,sign,sign
test-00214-interp2,sign,sign
test-00214-interp3,sign,sign
test-00214-interp4,sign,sign
test-00214-interp5,sign,sign
test-00215-orig,sign,sign
test-00215-interp1,sign,sign
test-00215-interp2,sign,sign
test-00215-interp3,sign,sign
test-00215-interp4,sign,sign
test-00215-interp5,sign,sign
test-00216-orig,sign,dataset_a
test-00216-interp1,sign,dataset_a
test-00216-interp2,sign,dataset_a
test-00216-interp3,sign,dataset_a
test-00216-interp4,sign,dataset_a
test-00216-interp5,sign,dataset_a
test-00217-orig,sign,dataset_a
test-00217-interp1,sign,dataset_a
test-00217-interp2,sign,sign
test-00217-interp3,sign,sign
test-00217-interp4,sign,sign
test-00217-interp5,sign,dataset_a
test-00218-orig,sign,sign
test-00218-interp1,sign,sign
test-00218-interp2,sign,sign
test-00218-interp3,sign,sign
test-00218-interp4,sign,sign
test-00218-interp5,sign,sign
test-00218-interp6,sign,sign
test-00218-interp7,sign,sign
test-00218-interp8,sign,sign
test-00218-interp9,sign,sign
test-00218-interp10,sign,sign
test-00219-orig,sign,sign
test-00219-interp1,sign,sign
test-00219-interp2,sign,sign
test-00219-interp3,sign,sign
test-00219-interp4,sign,sign
test-00219-interp5,sign,sign
test-00220-orig,sign,sign
test-00220-interp1,sign,sign
test-00220-interp2,sign,sign
test-00220-interp3,sign,sign
test-00220-interp4,sign,sign
test-00220-interp5,sign,sign
test-00221-orig,sign,sign
test-00221-interp1,sign,sign
test-00221-interp2,sign,sign
test-00221-interp3,sign,sign
test-00221-interp4,sign,sign
test-00221-interp5,sign,sign
test-00222-orig,sign,sign
test-00222-interp1,sign,sign
test-00222-interp2,sign,sign
test-00222-interp3,sign,sign
test-00222-interp4,sign,sign
test-00222-interp5,sign,sign
test-00223-orig,sign,sign
test-00223-interp1,sign,sign
test-00223-interp2,sign,sign
test-00223-interp3,sign,sign
test-00223-interp4,sign,sign
test-00223-interp5,sign,sign
test-00223-interp6,sign,sign
test-00223-interp7,sign,sign
test-00223-interp8,sign,sign
test-00223-interp9,sign,sign
test-00223-interp10,sign,sign
test-00224-orig,sign,sign
test-00224-interp1,sign,sign
test-00224-interp2,sign,sign
test-00224-interp3,sign,sign
test-00224-interp4,sign,sign
test-00224-interp5,sign,sign
test-00225-orig,sign,sign
test-00225-interp1,sign,sign
test-00225-interp2,sign,sign
test-00225-interp3,sign,sign
test-00225-interp4,sign,sign
test-00225-interp5,sign,sign
test-00226-orig,sign,sign
test-00226-interp1,sign,sign
test-00226-interp2,sign,sign
test-00226-interp3,sign,sign
test-00226-interp4,sign,sign
test-00226-interp5,sign,sign
test-00227-orig,sign,sign
test-00227-interp1,sign,sign
test-00227-interp2,sign,sign
test-00227-interp3,sign,sign
test-00227-interp4,sign,sign
test-00227-interp5,sign,sign
test-00228-orig,sign,dataset_a
test-00228-interp1,sign,dataset_a
test-00228-interp2,sign,dataset_a
test-00228-interp3,sign,dataset_a
test-00228-interp4,sign,sign
test-00228-interp5,sign,dataset_a
test-00229-orig,sign,sign
test-00229-interp1,sign,sign
test-00229-interp2,sign,sign
test-00229-interp3,sign,sign
test-00229-interp4,sign,sign
test-00229-interp5,sign,sign
test-00230-orig,sign,sign
test-00230-interp1,sign,sign
test-00230-interp2,sign,sign
test-00230-interp3,sign,sign
test-00230-interp4,sign,sign
test-00230-interp5,sign,sign
test-00231-orig,sign,dataset_a
test-00231-interp1,sign,dataset_a
test-00231-interp2,sign,sign
test-00231-interp3,sign,dataset_a
test-00231-interp4,sign,sign
test-00231-interp5,sign,dataset_a
test-00232-orig,sign,sign
test-00232-interp1,sign,sign
test-00232-interp2,sign,sign
test-00232-interp3,sign,sign
test-00232-interp4,sign,sign
test-00232-interp5,sign,sign
test-00233-orig,sign,sign
test-00233-interp1,sign,sign
test-00233-interp2,sign,sign
test-00233-interp3,sign,sign
test-00233-interp4,sign,sign
test-00233-interp5,sign,sign
test-00234-orig,sign,sign
test-00234-interp1,sign,sign
test-00234-interp2,sign,sign
test-00234-interp3,sign,sign
test-00234-interp4,sign,sign
test-00234-interp5,sign,sign
test-00235-orig,sign,sign
test-00235-interp1,sign,sign
test-00235-interp2,sign,sign
test-00235-interp3,sign,sign
test-00235-interp4,sign,sign
test-00235-interp5,sign,sign
test-00236-orig,sign,sign
test-00236-interp1,sign,sign
test-00236-interp2,sign,sign
test-00236-interp3,sign,sign
test-00236-interp4,sign,sign
test-00236-interp5,sign,sign
test-00237-orig,sign,sign
test-00237-interp1,sign,sign
test-00237-interp2,sign,sign
test-00237-interp3,sign,sign
test-00237-interp4,sign,sign
test-00237-interp5,sign,sign
test-00237-interp6,sign,sign
test-00237-interp7,sign,sign
test-00237-interp8,sign,sign
test-00237-interp9,sign,sign
test-00237-interp10,sign,sign
test-00238-orig,sign,sign
test-00238-interp1,sign,sign
test-00238-interp2,sign,sign
test-00238-interp3,sign,sign
test-00238-interp4,sign,sign
test-00238-interp5,sign,sign
test-00239-orig,sign,sign
test-00239-interp1,sign,sign
test-00239-interp2,sign,sign
test-00239-interp3,sign,sign
test-00239-interp4,sign,sign
test-00239-interp5,sign,sign
test-00240-orig,sign,sign
test-00240-interp1,sign,sign
test-00240-interp2,sign,sign
test-00240-interp3,sign,sign
test-00240-interp4,sign,sign
test-00240-interp5,sign,sign
test-00241-orig,sign,dataset_a
test-00241-interp1,sign,dataset_a
test-00241-interp2,sign,sign
test-00241-interp3,sign,dataset_a
test-00241-interp4,sign,dataset_a
test-00241-interp5,sign,dataset_a
test-00242-orig,sign,sign
test-00242-interp1,sign,sign
test-00242-interp2,sign,sign
test-00242-interp3,sign,sign
test-00242-interp4,sign,sign
test-00242-interp5,sign,sign
test-00243-orig,sign,sign
test-00243-interp1,sign,sign
test-00243-interp2,sign,sign
test-00243-interp3,sign,sign
test-00243-interp4,sign,sign
test-00243-interp5,sign,sign
test-00244-orig,sign,sign
test-00244-interp1,sign,sign
test-00244-interp2,sign,sign
test-00244-interp3,sign,sign
test-00244-interp4,sign,sign
test-00244-interp5,sign,sign
test-00245-orig,sign,sign
test-00245-interp1,sign,sign
test-00245-interp2,sign,sign
test-00245-interp3,sign,sign
test-00245-interp4,sign,sign
test-00245-interp5,sign,sign
test-00246-orig,sign,sign
test-00246-interp1,sign,sign
test-00246-interp2,sign,sign
test-00246-interp3,sign,sign
test-00246-interp4,sign,sign
test-00246-interp5,sign,sign
test-00247-orig,sign,sign
test-00247-interp1,sign,sign
test-00247-interp2,sign,sign
test-00247-interp3,sign,sign
test-00247-interp4,sign,sign
test-00247-interp5,sign,sign
test-00248-orig,sign,sign
test-00248-interp1,sign,sign
test-00248-interp2,sign,sign
test-00248-interp3,sign,sign
test-00248-interp4,sign,sign
test-00248-interp5,sign,sign
test-00249-orig,sign,sign
test-00249-interp1,sign,sign
test-00249-interp2,sign,sign
test-00249-interp3,sign,sign
test-00249-interp4,sign,sign
test-00249-interp5,sign,sign
test-00250-orig,sign,sign
test-00250-interp1,sign,sign
test-00250-interp2,sign,sign
test-00250-interp3,sign,sign
test-00250-interp4,sign,sign
test-00250-interp5,sign,sign
test-00251-orig,sign,sign
test-00251-interp1,sign,sign
test-00251-interp2,sign,sign
test-00251-interp3,sign,sign
test-00251-interp4,sign,sign
test-00251-interp5,sign,dataset_a
test-00252-orig,sign,sign
test-00252-interp1,sign,sign
test-00252-interp2,sign,sign
test-00252-interp3,sign,sign
test-00252-interp4,sign,sign
test-00252-interp5,sign,sign
test-00253-orig,sign,sign
test-00253-interp1,sign,sign
test-00253-interp2,sign,sign
test-00253-interp3,sign,sign
test-00253-interp4,sign,sign
test-00253-interp5,sign,sign
test-00254-orig,sign,sign
test-00254-interp1,sign,sign
test-00254-interp2,sign,sign
test-00254-interp3,sign,sign
test-00254-interp4,sign,sign
test-00254-interp5,sign,sign
test-00255-orig,sign,sign
test-00255-interp1,sign,sign
test-00255-interp2,sign,sign
test-00255-interp3,sign,sign
test-00255-interp4,sign,sign
test-00255-interp5,sign,sign
test-00256-orig,sign,sign
test-00256-interp1,sign,sign
test-00256-interp2,sign,sign
test-00256-interp3,sign,sign
test-00256-interp4,sign,sign
test-00256-interp5,sign,sign
test-00257-orig,sign,sign
test-00257-interp1,sign,sign
test-00257-interp2,sign,dataset_a
test-00257-interp3,sign,sign
test-00257-interp4,sign,sign
test-00257-interp5,sign,sign
test-00258-orig,sign,sign
test-00258-interp1,sign,sign
test-00258-interp2,sign,sign
test-00258-interp3,sign,sign
test-00258-interp4,sign,sign
test-00258-interp5,sign,sign
test-00259-orig,sign,sign
test-00259-interp1,sign,sign
test-00259-interp2,sign,sign
test-00259-interp3,sign,sign
test-00259-interp4,sign,sign
test-00259-interp5,sign,sign
test-00260-orig,sign,sign
test-00260-interp1,sign,sign
test-00260-interp2,sign,sign
test-00260-interp3,sign,sign
test-00260-interp4,sign,sign
test-00260-interp5,sign,sign
test-00261-orig,sign,sign
test-00261-interp1,sign,sign
test-00261-interp2,sign,sign
test-00261-interp3,sign,sign
test-00261-interp4,sign,sign
test-00261-interp5,sign,sign
test-00262-orig,sign,sign
test-00262-interp1,sign,sign
test-00262-interp2,sign,sign
test-00262-interp3,sign,sign
test-00262-interp4,sign,sign
test-00262-interp5,sign,sign
test-00262-interp6,sign,sign
test-00262-interp7,sign,sign
test-00262-interp8,sign,sign
test-00262-interp9,sign,sign
test-00262-interp10,sign,sign
test-00263-orig,sign,sign
test-00263-interp1,sign,sign
test-00263-interp2,sign,sign
test-00263-interp3,sign,sign
test-00263-interp4,sign,sign
test-00263-interp5,sign,sign
test-00264-orig,sign,dataset_a
test-00264-interp1,sign,dataset_a
test-00264-interp2,sign,dataset_a
test-00264-interp3,sign,dataset_a
test-00264-interp4,sign,dataset_a
test-00264-interp5,sign,dataset_a
test-00265-orig,sign,dataset_a
test-00265-interp1,sign,dataset_a
test-00265-interp2,sign,dataset_a
test-00265-interp3,sign,dataset_a
test-00265-interp4,sign,dataset_a
test-00265-interp5,sign,dataset_a
