example_id,gold_label,predicted_label,confidence
GEN-9,not_sarcastic,not_sarcastic,0.9727791
GEN-13,not_sarcastic,sarcastic,0.91796696
GEN-28,not_sarcastic,not_sarcastic,0.9278225
GEN-30,not_sarcastic,not_sarcastic,0.84123963
GEN-31,not_sarcastic,sarcastic,0.9552774
GEN-53,not_sarcastic,not_sarcastic,0.97865146
GEN-55,not_sarcastic,sarcastic,0.976513
GEN-61,not_sarcastic,not_sarcastic,0.9612074
GEN-67,not_sarcastic,sarcastic,0.9628482
GEN-87,not_sarcastic,not_sarcastic,0.9756698
GEN-93,not_sarcastic,not_sarcastic,0.9150149
GEN-101,not_sarcastic,not_sarcastic,0.83250916
GEN-108,not_sarcastic,not_sarcastic,0.9456007
GEN-113,not_sarcastic,sarcastic,0.9251624
GEN-117,not_sarcastic,not_sarcastic,0.50733894
GEN-121,not_sarcastic,not_sarcastic,0.967194
GEN-124,not_sarcastic,sarcastic,0.877739
GEN-127,not_sarcastic,not_sarcastic,0.97550696
GEN-138,not_sarcastic,sarcastic,0.70207065
GEN-144,not_sarcastic,not_sarcastic,0.976513
GEN-147,not_sarcastic,not_sarcastic,0.9736196
GEN-154,not_sarcastic,not_sarcastic,0.97467697
GEN-156,not_sarcastic,not_sarcastic,0.971779
GEN-164,not_sarcastic,not_sarcastic,0.974018
GEN-166,not_sarcastic,sarcastic,0.9300146
GEN-176,not_sarcastic,sarcastic,0.97433734
GEN-177,not_sarcastic,not_sarcastic,0.9761292
GEN-192,not_sarcastic,not_sarcastic,0.9308365
GEN-194,not_sarcastic,not_sarcastic,0.6811438
GEN-205,not_sarcastic,not_sarcastic,0.702938
GEN-209,not_sarcastic,not_sarcastic,0.93698055
GEN-220,not_sarcastic,not_sarcastic,0.9357587
GEN-222,not_sarcastic,sarcastic,0.8003801
GEN-223,not_sarcastic,not_sarcastic,0.9621787
GEN-239,not_sarcastic,sarcastic,0.91062486
GEN-240,not_sarcastic,not_sarcastic,0.94829834
GEN-248,not_sarcastic,sarcastic,0.958654
GEN-250,not_sarcastic,not_sarcastic,0.97702265
GEN-258,not_sarcastic,sarcastic,0.8350132
GEN-260,not_sarcastic,not_sarcastic,0.9059898
GEN-266,not_sarcastic,sarcastic,0.5017395
GEN-271,not_sarcastic,sarcastic,0.9474783
GEN-274,not_sarcastic,sarcastic,0.97891515
GEN-279,not_sarcastic,sarcastic,0.9352874
GEN-287,not_sarcastic,not_sarcastic,0.6806664
GEN-288,not_sarcastic,sarcastic,0.94154674
GEN-293,not_sarcastic,not_sarcastic,0.7340719
GEN-295,not_sarcastic,not_sarcastic,0.89363474
GEN-303,not_sarcastic,not_sarcastic,0.9750835
GEN-310,not_sarcastic,not_sarcastic,0.8386137
GEN-315,not_sarcastic,not_sarcastic,0.96691406
GEN-334,not_sarcastic,not_sarcastic,0.97029626
GEN-336,not_sarcastic,not_sarcastic,0.9455505
GEN-345,not_sarcastic,not_sarcastic,0.9684709
GEN-355,not_sarcastic,not_sarcastic,0.97706646
GEN-366,not_sarcastic,not_sarcastic,0.9763557
GEN-369,not_sarcastic,not_sarcastic,0.95731777
GEN-378,not_sarcastic,not_sarcastic,0.9603612
GEN-383,not_sarcastic,not_sarcastic,0.95430803
GEN-384,not_sarcastic,not_sarcastic,0.9698426
GEN-389,not_sarcastic,sarcastic,0.83413684
GEN-392,not_sarcastic,not_sarcastic,0.9380106
GEN-394,not_sarcastic,not_sarcastic,0.9212869
GEN-395,not_sarcastic,not_sarcastic,0.97280496
GEN-397,not_sarcastic,not_sarcastic,0.97275317
GEN-402,not_sarcastic,not_sarcastic,0.84195566
GEN-446,not_sarcastic,not_sarcastic,0.945349
GEN-468,not_sarcastic,not_sarcastic,0.9763331
GEN-472,not_sarcastic,not_sarcastic,0.7599833
GEN-474,not_sarcastic,not_sarcastic,0.8784186
GEN-485,not_sarcastic,not_sarcastic,0.86499614
GEN-493,not_sarcastic,not_sarcastic,0.97678024
GEN-495,not_sarcastic,not_sarcastic,0.8984106
GEN-500,not_sarcastic,not_sarcastic,0.9456509
GEN-509,not_sarcastic,sarcastic,0.8882751
GEN-511,not_sarcastic,not_sarcastic,0.9770007
GEN-521,not_sarcastic,not_sarcastic,0.96609205
GEN-523,not_sarcastic,not_sarcastic,0.9351099
GEN-535,not_sarcastic,sarcastic,0.9335521
GEN-538,not_sarcastic,not_sarcastic,0.97881407
GEN-553,not_sarcastic,not_sarcastic,0.7411123
GEN-560,not_sarcastic,sarcastic,0.6229756
GEN-563,not_sarcastic,not_sarcastic,0.966156
GEN-567,not_sarcastic,not_sarcastic,0.96472245
GEN-574,not_sarcastic,not_sarcastic,0.86293024
GEN-579,not_sarcastic,not_sarcastic,0.9711565
GEN-582,not_sarcastic,not_sarcastic,0.95869267
GEN-586,not_sarcastic,not_sarcastic,0.96688277
GEN-591,not_sarcastic,not_sarcastic,0.9645224
GEN-593,not_sarcastic,not_sarcastic,0.9459513
GEN-602,not_sarcastic,sarcastic,0.6553084
GEN-606,not_sarcastic,not_sarcastic,0.9718326
GEN-609,not_sarcastic,not_sarcastic,0.8882267
GEN-615,not_sarcastic,sarcastic,0.7696867
GEN-629,not_sarcastic,not_sarcastic,0.9134452
GEN-630,not_sarcastic,not_sarcastic,0.9189906
GEN-631,not_sarcastic,not_sarcastic,0.9508692
GEN-635,not_sarcastic,not_sarcastic,0.8224032
GEN-640,not_sarcastic,not_sarcastic,0.97482115
GEN-643,not_sarcastic,not_sarcastic,0.97673583
GEN-654,not_sarcastic,not_sarcastic,0.9467938
GEN-655,not_sarcastic,not_sarcastic,0.950411
GEN-661,not_sarcastic,not_sarcastic,0.8955684
GEN-667,not_sarcastic,not_sarcastic,0.9716717
GEN-668,not_sarcastic,not_sarcastic,0.95068645
GEN-690,not_sarcastic,not_sarcastic,0.97090924
GEN-692,not_sarcastic,not_sarcastic,0.9750598
GEN-707,not_sarcastic,sarcastic,0.6207366
GEN-710,not_sarcastic,sarcastic,0.9495292
GEN-722,not_sarcastic,not_sarcastic,0.9642206
GEN-731,not_sarcastic,not_sarcastic,0.980034
GEN-732,not_sarcastic,sarcastic,0.95275027
GEN-733,not_sarcastic,not_sarcastic,0.9724409
GEN-734,not_sarcastic,not_sarcastic,0.96448904
GEN-735,not_sarcastic,not_sarcastic,0.9761746
GEN-737,not_sarcastic,not_sarcastic,0.9688562
GEN-739,not_sarcastic,not_sarcastic,0.97079873
GEN-744,not_sarcastic,not_sarcastic,0.9609151
GEN-764,not_sarcastic,not_sarcastic,0.9555271
GEN-765,not_sarcastic,not_sarcastic,0.96485513
GEN-774,not_sarcastic,not_sarcastic,0.97800976
GEN-784,not_sarcastic,not_sarcastic,0.9576754
GEN-786,not_sarcastic,not_sarcastic,0.9429811
GEN-789,not_sarcastic,not_sarcastic,0.9796482
GEN-800,not_sarcastic,not_sarcastic,0.95379424
GEN-804,not_sarcastic,not_sarcastic,0.9693822
GEN-818,not_sarcastic,not_sarcastic,0.95755655
GEN-820,not_sarcastic,not_sarcastic,0.9735945
GEN-821,not_sarcastic,not_sarcastic,0.97394365
GEN-830,not_sarcastic,not_sarcastic,0.9443824
GEN-835,not_sarcastic,not_sarcastic,0.96381396
GEN-845,not_sarcastic,not_sarcastic,0.5342253
GEN-863,not_sarcastic,not_sarcastic,0.9595731
GEN-869,not_sarcastic,not_sarcastic,0.94791394
GEN-882,not_sarcastic,not_sarcastic,0.9584989
GEN-892,not_sarcastic,not_sarcastic,0.9747731
GEN-895,not_sarcastic,not_sarcastic,0.9719925
GEN-898,not_sarcastic,not_sarcastic,0.972336
GEN-900,not_sarcastic,not_sarcastic,0.5752749
GEN-901,not_sarcastic,not_sarcastic,0.8990771
GEN-903,not_sarcastic,sarcastic,0.84408796
GEN-904,not_sarcastic,not_sarcastic,0.85948694
GEN-912,not_sarcastic,sarcastic,0.9130583
GEN-921,not_sarcastic,not_sarcastic,0.96641046
GEN-923,not_sarcastic,not_sarcastic,0.97298527
GEN-929,not_sarcastic,not_sarcastic,0.96405166
GEN-934,not_sarcastic,sarcastic,0.7435406
GEN-938,not_sarcastic,not_sarcastic,0.9570375
GEN-953,not_sarcastic,not_sarcastic,0.93318766
GEN-964,not_sarcastic,not_sarcastic,0.9713201
GEN-993,not_sarcastic,not_sarcastic,0.9590394
GEN-1000,not_sarcastic,not_sarcastic,0.9713201
GEN-1007,not_sarcastic,not_sarcastic,0.976038
GEN-1022,not_sarcastic,sarcastic,0.92156965
GEN-1026,not_sarcastic,not_sarcastic,0.8482822
GEN-1030,not_sarcastic,not_sarcastic,0.7213999
GEN-1033,not_sarcastic,not_sarcastic,0.9122018
GEN-1034,not_sarcastic,not_sarcastic,0.9369228
GEN-1048,not_sarcastic,sarcastic,0.87930226
GEN-1050,not_sarcastic,not_sarcastic,0.63221896
GEN-1055,not_sarcastic,not_sarcastic,0.6966811
GEN-1056,not_sarcastic,sarcastic,0.93451476
GEN-1060,not_sarcastic,sarcastic,0.547018
GEN-1063,not_sarcastic,sarcastic,0.71696234
GEN-1070,not_sarcastic,sarcastic,0.8465777
GEN-1090,not_sarcastic,not_sarcastic,0.6977634
GEN-1101,not_sarcastic,not_sarcastic,0.9795114
GEN-1124,not_sarcastic,not_sarcastic,0.9723097
GEN-1140,not_sarcastic,not_sarcastic,0.972336
GEN-1161,not_sarcastic,not_sarcastic,0.97396845
GEN-1162,not_sarcastic,not_sarcastic,0.9784466
GEN-1163,not_sarcastic,not_sarcastic,0.9772842
GEN-1165,not_sarcastic,not_sarcastic,0.9709644
GEN-1171,not_sarcastic,not_sarcastic,0.9462501
GEN-1174,not_sarcastic,not_sarcastic,0.9634031
GEN-1176,not_sarcastic,not_sarcastic,0.9747731
GEN-1179,not_sarcastic,not_sarcastic,0.9320215
GEN-1187,not_sarcastic,not_sarcastic,0.96961325
GEN-1188,not_sarcastic,not_sarcastic,0.71032697
GEN-1194,not_sarcastic,not_sarcastic,0.9749884
GEN-1195,not_sarcastic,not_sarcastic,0.8749346
GEN-1197,not_sarcastic,not_sarcastic,0.9519973
GEN-1209,not_sarcastic,not_sarcastic,0.9598375
GEN-1213,not_sarcastic,sarcastic,0.91648406
GEN-1216,not_sarcastic,sarcastic,0.87386215
GEN-1226,not_sarcastic,sarcastic,0.67672676
GEN-1232,not_sarcastic,not_sarcastic,0.95159405
GEN-1239,not_sarcastic,not_sarcastic,0.6437773
GEN-1241,not_sarcastic,not_sarcastic,0.96697646
GEN-1247,not_sarcastic,not_sarcastic,0.5790062
GEN-1255,not_sarcastic,not_sarcastic,0.9666002
GEN-1256,not_sarcastic,not_sarcastic,0.9750122
GEN-1263,not_sarcastic,not_sarcastic,0.97324073
GEN-1276,not_sarcastic,not_sarcastic,0.9789755
GEN-1286,not_sarcastic,not_sarcastic,0.9769348
GEN-1290,not_sarcastic,sarcastic,0.97093683
GEN-1302,not_sarcastic,not_sarcastic,0.90970665
GEN-1304,not_sarcastic,sarcastic,0.81545305
GEN-1311,not_sarcastic,not_sarcastic,0.9231778
GEN-1317,not_sarcastic,not_sarcastic,0.97068775
GEN-1325,not_sarcastic,not_sarcastic,0.9732661
GEN-1332,not_sarcastic,not_sarcastic,0.9712385
GEN-1333,not_sarcastic,not_sarcastic,0.9700703
GEN-1349,not_sarcastic,not_sarcastic,0.97529614
GEN-1351,not_sarcastic,not_sarcastic,0.9662198
GEN-1352,not_sarcastic,not_sarcastic,0.9678993
GEN-1356,not_sarcastic,not_sarcastic,0.97180575
GEN-1357,not_sarcastic,not_sarcastic,0.9775
GEN-1359,not_sarcastic,not_sarcastic,0.975249
GEN-1360,not_sarcastic,not_sarcastic,0.8233994
GEN-1362,not_sarcastic,not_sarcastic,0.88263035
GEN-1363,not_sarcastic,not_sarcastic,0.8556101
GEN-1373,not_sarcastic,not_sarcastic,0.93980294
GEN-1377,not_sarcastic,not_sarcastic,0.90100986
GEN-1378,not_sarcastic,not_sarcastic,0.9797065
GEN-1385,not_sarcastic,not_sarcastic,0.9737945
GEN-1394,not_sarcastic,not_sarcastic,0.9416005
GEN-1395,not_sarcastic,not_sarcastic,0.97773504
GEN-1405,not_sarcastic,not_sarcastic,0.8498466
GEN-1412,not_sarcastic,not_sarcastic,0.7490872
GEN-1422,not_sarcastic,not_sarcastic,0.80398303
GEN-1430,not_sarcastic,not_sarcastic,0.9789956
GEN-1433,not_sarcastic,not_sarcastic,0.9493885
GEN-1448,not_sarcastic,not_sarcastic,0.97344345
GEN-1461,not_sarcastic,not_sarcastic,0.9744105
GEN-1464,not_sarcastic,not_sarcastic,0.9701835
GEN-1466,not_sarcastic,not_sarcastic,0.9757161
GEN-1470,not_sarcastic,not_sarcastic,0.94834626
GEN-1479,not_sarcastic,not_sarcastic,0.9800913
GEN-1490,not_sarcastic,not_sarcastic,0.8390098
GEN-1514,not_sarcastic,not_sarcastic,0.9059898
GEN-1515,not_sarcastic,not_sarcastic,0.9573974
GEN-1531,not_sarcastic,not_sarcastic,0.95536083
GEN-1534,not_sarcastic,not_sarcastic,0.53286576
GEN-1539,not_sarcastic,not_sarcastic,0.9450455
GEN-1543,not_sarcastic,not_sarcastic,0.89077026
GEN-1562,not_sarcastic,not_sarcastic,0.9793738
GEN-1563,not_sarcastic,not_sarcastic,0.945248
GEN-1581,not_sarcastic,not_sarcastic,0.9404625
GEN-1587,not_sarcastic,not_sarcastic,0.9685601
GEN-1597,not_sarcastic,not_sarcastic,0.9627783
GEN-1605,not_sarcastic,not_sarcastic,0.9691787
GEN-1611,not_sarcastic,sarcastic,0.9581087
GEN-1617,not_sarcastic,sarcastic,0.66421366
GEN-1619,not_sarcastic,not_sarcastic,0.7743702
GEN-1622,not_sarcastic,not_sarcastic,0.96826136
GEN-1624,not_sarcastic,not_sarcastic,0.6296038
GEN-1644,not_sarcastic,not_sarcastic,0.96017486
GEN-1659,not_sarcastic,not_sarcastic,0.9783019
GEN-1682,not_sarcastic,not_sarcastic,0.9734181
GEN-1693,not_sarcastic,not_sarcastic,0.9749169
GEN-1696,not_sarcastic,not_sarcastic,0.96644217
GEN-1709,not_sarcastic,not_sarcastic,0.9722571
GEN-1711,not_sarcastic,not_sarcastic,0.9635062
GEN-1718,not_sarcastic,not_sarcastic,0.97578543
GEN-1720,not_sarcastic,not_sarcastic,0.93385434
GEN-1723,not_sarcastic,not_sarcastic,0.9716986
GEN-1727,not_sarcastic,not_sarcastic,0.90161794
GEN-1728,not_sarcastic,not_sarcastic,0.96989965
GEN-1729,not_sarcastic,not_sarcastic,0.87909484
GEN-1734,not_sarcastic,not_sarcastic,0.92290026
GEN-1739,not_sarcastic,not_sarcastic,0.97085404
GEN-1748,not_sarcastic,not_sarcastic,0.96669465
GEN-1766,not_sarcastic,not_sarcastic,0.9609883
GEN-1770,not_sarcastic,not_sarcastic,0.96131647
GEN-1771,not_sarcastic,not_sarcastic,0.97038054
GEN-1775,not_sarcastic,not_sarcastic,0.9747731
GEN-1792,not_sarcastic,not_sarcastic,0.97673583
GEN-1793,not_sarcastic,not_sarcastic,0.95494246
GEN-1796,not_sarcastic,sarcastic,0.9770445
GEN-1804,not_sarcastic,not_sarcastic,0.93941504
GEN-1807,not_sarcastic,not_sarcastic,0.9773924
GEN-1808,not_sarcastic,sarcastic,0.8625833
GEN-1813,not_sarcastic,sarcastic,0.8047131
GEN-1817,not_sarcastic,not_sarcastic,0.9551521
GEN-1826,not_sarcastic,not_sarcastic,0.92121595
GEN-1835,not_sarcastic,not_sarcastic,0.9113771
GEN-1846,not_sarcastic,not_sarcastic,0.9720986
GEN-1856,not_sarcastic,not_sarcastic,0.9619649
GEN-1875,not_sarcastic,not_sarcastic,0.541477
GEN-1879,not_sarcastic,not_sarcastic,0.9352874
GEN-1880,not_sarcastic,not_sarcastic,0.7545082
GEN-1896,not_sarcastic,not_sarcastic,0.723993
GEN-1901,not_sarcastic,not_sarcastic,0.9772191
GEN-1903,not_sarcastic,sarcastic,0.7367322
GEN-1905,not_sarcastic,not_sarcastic,0.9650203
GEN-1913,not_sarcastic,not_sarcastic,0.9595352
GEN-1917,not_sarcastic,not_sarcastic,0.91490096
GEN-1944,not_sarcastic,not_sarcastic,0.9595352
GEN-1945,not_sarcastic,not_sarcastic,0.9708817
GEN-1982,not_sarcastic,sarcastic,0.979354
GEN-1987,not_sarcastic,sarcastic,0.95577544
GEN-1990,not_sarcastic,not_sarcastic,0.9716717
GEN-1997,not_sarcastic,not_sarcastic,0.7072531
GEN-1999,not_sarcastic,not_sarcastic,0.96795994
GEN-2000,not_sarcastic,sarcastic,0.84613323
GEN-2007,not_sarcastic,not_sarcastic,0.66763544
GEN-2017,not_sarcastic,not_sarcastic,0.9789554
GEN-2022,not_sarcastic,not_sarcastic,0.81699115
GEN-2034,not_sarcastic,not_sarcastic,0.81677204
GEN-2056,not_sarcastic,not_sarcastic,0.9561864
GEN-2062,not_sarcastic,not_sarcastic,0.8607792
GEN-2065,not_sarcastic,sarcastic,0.9007919
GEN-2079,not_sarcastic,not_sarcastic,0.9153939
GEN-2083,not_sarcastic,not_sarcastic,0.9560224
GEN-2102,not_sarcastic,not_sarcastic,0.9157713
GEN-2103,not_sarcastic,sarcastic,0.62016165
GEN-2109,not_sarcastic,not_sarcastic,0.92563426
GEN-2121,not_sarcastic,not_sarcastic,0.68961924
GEN-2131,not_sarcastic,not_sarcastic,0.93306583
GEN-2135,not_sarcastic,sarcastic,0.97090924
GEN-2139,not_sarcastic,not_sarcastic,0.9649213
GEN-2152,not_sarcastic,not_sarcastic,0.9691495
GEN-2159,not_sarcastic,sarcastic,0.8879841
GEN-2171,not_sarcastic,not_sarcastic,0.97204566
GEN-2181,not_sarcastic,not_sarcastic,0.89312315
GEN-2185,not_sarcastic,sarcastic,0.52044874
GEN-2189,not_sarcastic,not_sarcastic,0.95589906
GEN-2206,not_sarcastic,not_sarcastic,0.96958447
GEN-2209,not_sarcastic,sarcastic,0.9163345
GEN-2220,not_sarcastic,not_sarcastic,0.97246706
GEN-2230,not_sarcastic,not_sarcastic,0.86344916
GEN-2232,not_sarcastic,sarcastic,0.52378577
GEN-2250,not_sarcastic,not_sarcastic,0.79109573
GEN-2260,not_sarcastic,not_sarcastic,0.8656222
GEN-2268,not_sarcastic,not_sarcastic,0.9462997
GEN-2272,not_sarcastic,not_sarcastic,0.9777776
GEN-2280,not_sarcastic,not_sarcastic,0.95208645
GEN-2296,not_sarcastic,not_sarcastic,0.9394706
GEN-2298,not_sarcastic,not_sarcastic,0.9527942
GEN-2307,not_sarcastic,not_sarcastic,0.96295285
GEN-2308,not_sarcastic,not_sarcastic,0.9675945
GEN-2320,not_sarcastic,sarcastic,0.53140694
GEN-2328,not_sarcastic,not_sarcastic,0.9592307
GEN-2329,not_sarcastic,not_sarcastic,0.9727014
GEN-2333,not_sarcastic,not_sarcastic,0.86493915
GEN-2337,not_sarcastic,not_sarcastic,0.9567152
GEN-2359,not_sarcastic,not_sarcastic,0.9005298
GEN-2363,not_sarcastic,sarcastic,0.7436803
GEN-2367,not_sarcastic,not_sarcastic,0.8394709
GEN-2397,not_sarcastic,not_sarcastic,0.93980294
GEN-2401,not_sarcastic,sarcastic,0.8449215
GEN-2408,not_sarcastic,not_sarcastic,0.8295611
GEN-2416,not_sarcastic,not_sarcastic,0.9622852
GEN-2422,not_sarcastic,sarcastic,0.9701835
GEN-2442,not_sarcastic,sarcastic,0.95719784
GEN-2447,not_sarcastic,not_sarcastic,0.89665926
GEN-2452,not_sarcastic,not_sarcastic,0.88523525
GEN-2458,not_sarcastic,not_sarcastic,0.9776499
GEN-2462,not_sarcastic,not_sarcastic,0.9774139
GEN-2466,not_sarcastic,not_sarcastic,0.96900314
GEN-2474,not_sarcastic,not_sarcastic,0.9600627
GEN-2477,not_sarcastic,not_sarcastic,0.97324073
GEN-2480,not_sarcastic,not_sarcastic,0.969469
GEN-2498,not_sarcastic,not_sarcastic,0.97555363
GEN-2503,not_sarcastic,not_sarcastic,0.7421882
GEN-2506,not_sarcastic,not_sarcastic,0.8416305
GEN-2521,not_sarcastic,not_sarcastic,0.9637117
GEN-2531,not_sarcastic,not_sarcastic,0.943608
GEN-2543,not_sarcastic,not_sarcastic,0.9468921
GEN-2546,not_sarcastic,sarcastic,0.89312315
GEN-2548,not_sarcastic,not_sarcastic,0.97737074
GEN-2553,not_sarcastic,not_sarcastic,0.86130506
GEN-2562,not_sarcastic,not_sarcastic,0.97877365
GEN-2582,not_sarcastic,sarcastic,0.59934586
GEN-2584,not_sarcastic,not_sarcastic,0.87546796
GEN-2605,not_sarcastic,not_sarcastic,0.92821383
GEN-2609,not_sarcastic,not_sarcastic,0.9676251
GEN-2631,sarcastic,sarcastic,0.98024315
GEN-2634,sarcastic,not_sarcastic,0.7192358
GEN-2635,sarcastic,sarcastic,0.80147004
GEN-2661,sarcastic,sarcastic,0.95430803
GEN-2662,sarcastic,sarcastic,0.97494066
GEN-2666,sarcastic,sarcastic,0.89335597
GEN-2667,sarcastic,sarcastic,0.9827572
GEN-2669,sarcastic,sarcastic,0.8600169
GEN-2675,sarcastic,not_sarcastic,0.84169555
GEN-2683,sarcastic,not_sarcastic,0.57711834
GEN-2689,sarcastic,sarcastic,0.9811307
GEN-2692,sarcastic,sarcastic,0.9810765
GEN-2696,sarcastic,sarcastic,0.98026204
GEN-2705,sarcastic,sarcastic,0.9758546
GEN-2716,sarcastic,sarcastic,0.9280836
GEN-2726,sarcastic,sarcastic,0.97836393
GEN-2736,sarcastic,sarcastic,0.5241892
GEN-2742,sarcastic,sarcastic,0.9807103
GEN-2746,sarcastic,sarcastic,0.95699733
GEN-2753,sarcastic,sarcastic,0.9510968
GEN-2754,sarcastic,sarcastic,0.9721515
GEN-2757,sarcastic,sarcastic,0.982117
GEN-2765,sarcastic,sarcastic,0.8332567
GEN-2766,sarcastic,sarcastic,0.9783226
GEN-2768,sarcastic,sarcastic,0.9807842
GEN-2772,sarcastic,sarcastic,0.9448422
GEN-2778,sarcastic,sarcastic,0.9730621
GEN-2814,sarcastic,sarcastic,0.952131
GEN-2828,sarcastic,sarcastic,0.97917557
GEN-2830,sarcastic,sarcastic,0.9791357
GEN-2831,sarcastic,sarcastic,0.97389406
GEN-2850,sarcastic,sarcastic,0.96378
GEN-2852,sarcastic,not_sarcastic,0.5223697
GEN-2853,sarcastic,sarcastic,0.98026204
GEN-2879,sarcastic,sarcastic,0.87386215
GEN-2891,sarcastic,sarcastic,0.9468429
GEN-2894,sarcastic,sarcastic,0.9698712
GEN-2904,sarcastic,sarcastic,0.930395
GEN-2909,sarcastic,sarcastic,0.7734731
GEN-2916,sarcastic,sarcastic,0.76559335
GEN-2917,sarcastic,sarcastic,0.64640445
GEN-2928,sarcastic,not_sarcastic,0.7192358
GEN-2930,sarcastic,sarcastic,0.87359273
GEN-2931,sarcastic,sarcastic,0.94853723
GEN-2939,sarcastic,sarcastic,0.9796871
GEN-2959,sarcastic,sarcastic,0.9392481
GEN-2961,sarcastic,sarcastic,0.98166555
GEN-2962,sarcastic,sarcastic,0.9357587
GEN-2971,sarcastic,sarcastic,0.9714559
GEN-2979,sarcastic,sarcastic,0.7281688
GEN-3006,sarcastic,sarcastic,0.9790157
GEN-3015,sarcastic,sarcastic,0.9346938
GEN-3018,sarcastic,sarcastic,0.95695716
GEN-3022,sarcastic,sarcastic,0.9798805
GEN-3025,sarcastic,sarcastic,0.8352149
GEN-3028,sarcastic,sarcastic,0.91964257
GEN-3035,sarcastic,sarcastic,0.9739932
GEN-3051,sarcastic,sarcastic,0.85342485
GEN-3052,sarcastic,sarcastic,0.97724086
GEN-3053,sarcastic,sarcastic,0.9807473
GEN-3059,sarcastic,sarcastic,0.9428234
GEN-3060,sarcastic,sarcastic,0.9764905
GEN-3069,sarcastic,sarcastic,0.97678024
GEN-3076,sarcastic,sarcastic,0.9427181
GEN-3079,sarcastic,sarcastic,0.5876991
GEN-3087,sarcastic,sarcastic,0.9789755
GEN-3104,sarcastic,sarcastic,0.9724148
GEN-3107,sarcastic,sarcastic,0.81316423
GEN-3108,sarcastic,sarcastic,0.9421352
GEN-3123,sarcastic,sarcastic,0.7702056
GEN-3142,sarcastic,sarcastic,0.9811488
GEN-3146,sarcastic,sarcastic,0.75851065
GEN-3147,sarcastic,sarcastic,0.9217811
GEN-3149,sarcastic,not_sarcastic,0.5007019
GEN-3152,sarcastic,sarcastic,0.9786719
GEN-3166,sarcastic,sarcastic,0.93089926
GEN-3168,sarcastic,not_sarcastic,0.95775455
GEN-3180,sarcastic,sarcastic,0.9539661
GEN-3182,sarcastic,sarcastic,0.9720721
GEN-3213,sarcastic,sarcastic,0.9811488
GEN-3214,sarcastic,sarcastic,0.91359943
GEN-3219,sarcastic,sarcastic,0.9327602
GEN-3231,sarcastic,not_sarcastic,0.80022407
GEN-3232,sarcastic,sarcastic,0.9341553
GEN-3246,sarcastic,sarcastic,0.9688562
GEN-3255,sarcastic,sarcastic,0.79246426
GEN-3256,sarcastic,sarcastic,0.5829956
GEN-3261,sarcastic,sarcastic,0.8853839
GEN-3262,sarcastic,sarcastic,0.9732915
GEN-3264,sarcastic,sarcastic,0.9382373
GEN-3269,sarcastic,sarcastic,0.9563089
GEN-3287,sarcastic,sarcastic,0.6113965
GEN-3289,sarcastic,sarcastic,0.97819793
GEN-3291,sarcastic,sarcastic,0.97947216
GEN-3296,sarcastic,sarcastic,0.96768624
GEN-3312,sarcastic,sarcastic,0.88368845
GEN-3314,sarcastic,sarcastic,0.9444849
GEN-3321,sarcastic,sarcastic,0.90623903
GEN-3326,sarcastic,sarcastic,0.94694114
GEN-3341,sarcastic,sarcastic,0.92290026
GEN-3342,sarcastic,sarcastic,0.96448904
GEN-3346,sarcastic,sarcastic,0.9754836
GEN-3349,sarcastic,sarcastic,0.9234544
GEN-3355,sarcastic,sarcastic,0.9679902
GEN-3365,sarcastic,sarcastic,0.9783226
GEN-3367,sarcastic,sarcastic,0.98178816
GEN-3385,sarcastic,sarcastic,0.9755769
GEN-3395,sarcastic,sarcastic,0.96688277
GEN-3398,sarcastic,sarcastic,0.98147124
GEN-3407,sarcastic,not_sarcastic,0.66456753
GEN-3413,sarcastic,sarcastic,0.9703525
GEN-3423,sarcastic,sarcastic,0.8358188
GEN-3424,sarcastic,sarcastic,0.8901988
GEN-3427,sarcastic,sarcastic,0.8895288
GEN-3433,sarcastic,sarcastic,0.8829839
GEN-3448,sarcastic,sarcastic,0.97428846
GEN-3449,sarcastic,sarcastic,0.9766915
GEN-3454,sarcastic,sarcastic,0.57018924
GEN-3457,sarcastic,sarcastic,0.9817707
GEN-3478,sarcastic,sarcastic,0.9560224
GEN-3482,sarcastic,sarcastic,0.8831352
GEN-3486,sarcastic,sarcastic,0.9506406
GEN-3488,sarcastic,not_sarcastic,0.8188092
GEN-3494,sarcastic,sarcastic,0.97726256
GEN-3498,sarcastic,sarcastic,0.9492946
GEN-3511,sarcastic,sarcastic,0.8802834
GEN-3517,sarcastic,sarcastic,0.9758085
GEN-3521,sarcastic,sarcastic,0.8990328
GEN-3529,sarcastic,sarcastic,0.9510059
GEN-3536,sarcastic,sarcastic,0.98141783
GEN-3570,sarcastic,sarcastic,0.94402224
GEN-3573,sarcastic,sarcastic,0.9804314
GEN-3577,sarcastic,sarcastic,0.97009856
GEN-3579,sarcastic,sarcastic,0.80555576
GEN-3580,sarcastic,sarcastic,0.9779888
GEN-3581,sarcastic,sarcastic,0.96580297
GEN-3584,sarcastic,sarcastic,0.9815244
GEN-3592,sarcastic,not_sarcastic,0.60374933
GEN-3594,sarcastic,sarcastic,0.97510713
GEN-3605,sarcastic,sarcastic,0.91767234
GEN-3617,sarcastic,sarcastic,0.97925514
GEN-3618,sarcastic,sarcastic,0.9300781
GEN-3626,sarcastic,sarcastic,0.7973991
GEN-3639,sarcastic,sarcastic,0.959001
GEN-3643,sarcastic,sarcastic,0.8891444
GEN-3650,sarcastic,sarcastic,0.7829116
GEN-3660,sarcastic,sarcastic,0.98173577
GEN-3661,sarcastic,sarcastic,0.95987505
GEN-3674,sarcastic,sarcastic,0.88084835
GEN-3675,sarcastic,sarcastic,0.9549004
GEN-3676,sarcastic,sarcastic,0.9316493
GEN-3681,sarcastic,sarcastic,0.9732661
GEN-3696,sarcastic,sarcastic,0.9805248
GEN-3702,sarcastic,sarcastic,0.8396682
GEN-3714,sarcastic,sarcastic,0.772788
GEN-3721,sarcastic,not_sarcastic,0.644365
GEN-3726,sarcastic,sarcastic,0.7778066
GEN-3741,sarcastic,sarcastic,0.98237246
GEN-3743,sarcastic,sarcastic,0.9549844
GEN-3755,sarcastic,sarcastic,0.93941504
GEN-3770,sarcastic,not_sarcastic,0.6971968
GEN-3773,sarcastic,sarcastic,0.9626028
GEN-3792,sarcastic,sarcastic,0.9585377
GEN-3795,sarcastic,sarcastic,0.98089427
GEN-3798,sarcastic,sarcastic,0.84479356
GEN-3799,sarcastic,sarcastic,0.97311324
GEN-3801,sarcastic,sarcastic,0.92064714
GEN-3803,sarcastic,sarcastic,0.9351099
GEN-3804,sarcastic,sarcastic,0.9807473
GEN-3812,sarcastic,not_sarcastic,0.7326396
GEN-3817,sarcastic,sarcastic,0.7731308
GEN-3821,sarcastic,not_sarcastic,0.92886186
GEN-3825,sarcastic,sarcastic,0.8506548
GEN-3829,sarcastic,sarcastic,0.9761292
GEN-3835,sarcastic,sarcastic,0.9351099
GEN-3844,sarcastic,sarcastic,0.5943453
GEN-3847,sarcastic,not_sarcastic,0.7783967
GEN-3870,sarcastic,sarcastic,0.9769348
GEN-3872,sarcastic,sarcastic,0.8418907
GEN-3877,sarcastic,sarcastic,0.9755769
GEN-3881,sarcastic,sarcastic,0.8080672
GEN-3883,sarcastic,sarcastic,0.90303797
GEN-3884,sarcastic,sarcastic,0.9517737
GEN-3889,sarcastic,sarcastic,0.97953105
GEN-3898,sarcastic,sarcastic,0.8993868
GEN-3906,sarcastic,sarcastic,0.9528382
GEN-3907,sarcastic,sarcastic,0.98159516
GEN-3909,sarcastic,sarcastic,0.9614253
GEN-3913,sarcastic,sarcastic,0.97510713
GEN-3914,sarcastic,not_sarcastic,0.52629715
GEN-3917,sarcastic,sarcastic,0.9523088
GEN-3930,sarcastic,sarcastic,0.9787127
GEN-3941,sarcastic,sarcastic,0.9792749
GEN-3942,sarcastic,sarcastic,0.9263704
GEN-3951,sarcastic,sarcastic,0.97879386
GEN-3953,sarcastic,sarcastic,0.9744105
GEN-3966,sarcastic,sarcastic,0.9817007
GEN-3971,sarcastic,sarcastic,0.9784259
GEN-3986,sarcastic,sarcastic,0.9800149
GEN-3992,sarcastic,sarcastic,0.83755356
GEN-3994,sarcastic,sarcastic,0.98018634
GEN-4003,sarcastic,sarcastic,0.72744334
GEN-4004,sarcastic,sarcastic,0.8952483
GEN-4040,sarcastic,sarcastic,0.5017395
GEN-4044,sarcastic,sarcastic,0.97414124
GEN-4048,sarcastic,sarcastic,0.9583042
GEN-4051,sarcastic,sarcastic,0.885582
GEN-4062,sarcastic,sarcastic,0.904903
GEN-4068,sarcastic,sarcastic,0.8310745
GEN-4081,sarcastic,sarcastic,0.6568784
GEN-4092,sarcastic,sarcastic,0.98190993
GEN-4093,sarcastic,sarcastic,0.97110176
GEN-4095,sarcastic,sarcastic,0.7465088
GEN-4106,sarcastic,not_sarcastic,0.7888273
GEN-4112,sarcastic,sarcastic,0.84536886
GEN-4119,sarcastic,sarcastic,0.98067343
GEN-4139,sarcastic,not_sarcastic,0.9447403
GEN-4142,sarcastic,sarcastic,0.7754348
GEN-4147,sarcastic,sarcastic,0.9199307
GEN-4150,sarcastic,sarcastic,0.9452985
GEN-4153,sarcastic,sarcastic,0.98087597
GEN-4155,sarcastic,sarcastic,0.95460516
GEN-4156,sarcastic,sarcastic,0.91715443
GEN-4162,sarcastic,sarcastic,0.98175323
GEN-4172,sarcastic,sarcastic,0.94224155
GEN-4179,sarcastic,sarcastic,0.9576754
GEN-4180,sarcastic,sarcastic,0.9617859
GEN-4184,sarcastic,sarcastic,0.9707155
GEN-4187,sarcastic,sarcastic,0.9817707
GEN-4199,sarcastic,not_sarcastic,0.68526536
GEN-4202,sarcastic,sarcastic,0.96697646
GEN-4206,sarcastic,sarcastic,0.97246706
GEN-4212,sarcastic,sarcastic,0.98045003
GEN-4226,sarcastic,sarcastic,0.97134733
GEN-4236,sarcastic,sarcastic,0.95791227
GEN-4251,sarcastic,sarcastic,0.9818579
GEN-4255,sarcastic,sarcastic,0.9605836
GEN-4260,sarcastic,sarcastic,0.9769787
GEN-4263,sarcastic,sarcastic,0.9805993
GEN-4265,sarcastic,sarcastic,0.9557341
GEN-4267,sarcastic,sarcastic,0.83801806
GEN-4268,sarcastic,sarcastic,0.90998703
GEN-4270,sarcastic,not_sarcastic,0.6725199
GEN-4274,sarcastic,not_sarcastic,0.52136457
GEN-4277,sarcastic,sarcastic,0.9772842
GEN-4286,sarcastic,sarcastic,0.9620719
GEN-4288,sarcastic,sarcastic,0.9793935
GEN-4289,sarcastic,sarcastic,0.98041254
GEN-4295,sarcastic,not_sarcastic,0.96823144
GEN-4300,sarcastic,not_sarcastic,0.6212968
GEN-4318,sarcastic,sarcastic,0.91767234
GEN-4325,sarcastic,not_sarcastic,0.62977463
GEN-4326,sarcastic,sarcastic,0.93622667
GEN-4327,sarcastic,not_sarcastic,0.88700897
GEN-4341,sarcastic,not_sarcastic,0.929951
GEN-4350,sarcastic,not_sarcastic,0.88885534
GEN-4355,sarcastic,not_sarcastic,0.971537
GEN-4358,sarcastic,sarcastic,0.6947688
GEN-4369,sarcastic,sarcastic,0.9715909
GEN-4394,sarcastic,not_sarcastic,0.62897736
GEN-4403,sarcastic,not_sarcastic,0.84777886
GEN-4407,sarcastic,sarcastic,0.9226916
GEN-4408,sarcastic,sarcastic,0.8850366
GEN-4418,sarcastic,not_sarcastic,0.965152
GEN-4452,sarcastic,sarcastic,0.8448575
GEN-4455,sarcastic,sarcastic,0.93674946
GEN-4466,sarcastic,not_sarcastic,0.92703366
GEN-4469,sarcastic,sarcastic,0.8537909
GEN-4480,sarcastic,sarcastic,0.5994265
GEN-4481,sarcastic,sarcastic,0.9737197
GEN-4483,sarcastic,not_sarcastic,0.87348485
GEN-4489,sarcastic,sarcastic,0.9583042
GEN-4490,sarcastic,sarcastic,0.95695716
GEN-4493,sarcastic,sarcastic,0.9424538
GEN-4495,sarcastic,not_sarcastic,0.6151601
GEN-4498,sarcastic,sarcastic,0.7699463
GEN-4509,sarcastic,not_sarcastic,0.9486801
GEN-4511,sarcastic,sarcastic,0.913368
GEN-4517,sarcastic,sarcastic,0.9810765
GEN-4518,sarcastic,not_sarcastic,0.9508236
GEN-4520,sarcastic,sarcastic,0.9744834
GEN-4521,sarcastic,not_sarcastic,0.9105851
GEN-4522,sarcastic,sarcastic,0.9654789
GEN-4525,sarcastic,not_sarcastic,0.87125593
GEN-4529,sarcastic,sarcastic,0.968441
GEN-4536,sarcastic,sarcastic,0.8296301
GEN-4538,sarcastic,sarcastic,0.9511876
GEN-4552,sarcastic,sarcastic,0.9747251
GEN-4562,sarcastic,sarcastic,0.6125125
GEN-4563,sarcastic,sarcastic,0.94934165
GEN-4564,sarcastic,sarcastic,0.61488557
GEN-4565,sarcastic,sarcastic,0.9433998
GEN-4571,sarcastic,sarcastic,0.7702056
GEN-4573,sarcastic,sarcastic,0.52370965
GEN-4581,sarcastic,not_sarcastic,0.715424
GEN-4582,sarcastic,not_sarcastic,0.9585377
GEN-4615,sarcastic,sarcastic,0.89209336
GEN-4619,sarcastic,sarcastic,0.9494823
GEN-4623,sarcastic,sarcastic,0.8296991
GEN-4651,sarcastic,not_sarcastic,0.9688562
GEN-4653,sarcastic,not_sarcastic,0.7318738
GEN-4660,sarcastic,not_sarcastic,0.8133867
GEN-4672,sarcastic,sarcastic,0.89823216
GEN-4681,sarcastic,sarcastic,0.9480103
GEN-4703,sarcastic,sarcastic,0.7867867
GEN-4704,sarcastic,sarcastic,0.82090056
GEN-4710,sarcastic,not_sarcastic,0.85269034
GEN-4712,sarcastic,sarcastic,0.9452985
GEN-4716,sarcastic,not_sarcastic,0.8917168
GEN-4721,sarcastic,not_sarcastic,0.9355235
GEN-4727,sarcastic,sarcastic,0.97331697
GEN-4728,sarcastic,sarcastic,0.79198194
GEN-4743,sarcastic,sarcastic,0.80950195
GEN-4747,sarcastic,not_sarcastic,0.93077356
GEN-4757,sarcastic,sarcastic,0.9417078
GEN-4770,sarcastic,sarcastic,0.96498734
GEN-4773,sarcastic,sarcastic,0.8550057
GEN-4775,sarcastic,sarcastic,0.9320215
GEN-4780,sarcastic,sarcastic,0.9183339
GEN-4782,sarcastic,sarcastic,0.961171
GEN-4788,sarcastic,not_sarcastic,0.9084556
GEN-4791,sarcastic,not_sarcastic,0.74087805
GEN-4806,sarcastic,sarcastic,0.8763172
GEN-4811,sarcastic,not_sarcastic,0.6959325
GEN-4812,sarcastic,sarcastic,0.64201176
GEN-4814,sarcastic,sarcastic,0.7595823
GEN-4815,sarcastic,sarcastic,0.92100316
GEN-4818,sarcastic,sarcastic,0.75328517
GEN-4820,sarcastic,not_sarcastic,0.952131
GEN-4835,sarcastic,not_sarcastic,0.97324073
GEN-4857,sarcastic,sarcastic,0.9310248
GEN-4880,sarcastic,sarcastic,0.9677472
GEN-4890,sarcastic,sarcastic,0.91078377
GEN-4894,sarcastic,not_sarcastic,0.9032515
GEN-4897,sarcastic,sarcastic,0.87578696
GEN-4910,sarcastic,sarcastic,0.90966654
GEN-4915,sarcastic,not_sarcastic,0.87589324
GEN-4928,sarcastic,not_sarcastic,0.9472348
GEN-4946,sarcastic,not_sarcastic,0.74627775
GEN-4953,sarcastic,sarcastic,0.97947216
GEN-4966,sarcastic,not_sarcastic,0.87800074
GEN-4968,sarcastic,not_sarcastic,0.7090947
GEN-4970,sarcastic,sarcastic,0.6562453
GEN-4972,sarcastic,sarcastic,0.97573924
GEN-4982,sarcastic,sarcastic,0.9189906
GEN-4984,sarcastic,sarcastic,0.87615836
GEN-4992,sarcastic,sarcastic,0.94644845
GEN-4997,sarcastic,not_sarcastic,0.8795612
GEN-4999,sarcastic,sarcastic,0.97786224
GEN-5017,sarcastic,sarcastic,0.5302745
GEN-5027,sarcastic,sarcastic,0.9763331
GEN-5034,sarcastic,sarcastic,0.9390248
GEN-5035,sarcastic,not_sarcastic,0.5136532
GEN-5038,sarcastic,sarcastic,0.9532315
GEN-5040,sarcastic,not_sarcastic,0.93732566
GEN-5053,sarcastic,sarcastic,0.95934516
GEN-5061,sarcastic,sarcastic,0.9751545
GEN-5062,sarcastic,sarcastic,0.6784335
GEN-5071,sarcastic,not_sarcastic,0.74433124
GEN-5079,sarcastic,not_sarcastic,0.8750948
GEN-5089,sarcastic,not_sarcastic,0.65320987
GEN-5092,sarcastic,not_sarcastic,0.83761996
GEN-5098,sarcastic,not_sarcastic,0.96017486
GEN-5102,sarcastic,sarcastic,0.5986935
GEN-5104,sarcastic,not_sarcastic,0.7863358
GEN-5115,sarcastic,not_sarcastic,0.9231778
GEN-5122,sarcastic,not_sarcastic,0.92107415
GEN-5130,sarcastic,not_sarcastic,0.908618
GEN-5138,sarcastic,sarcastic,0.60429674
GEN-5139,sarcastic,sarcastic,0.9746045
GEN-5141,sarcastic,sarcastic,0.97800976
GEN-5142,sarcastic,sarcastic,0.519628
GEN-5145,sarcastic,not_sarcastic,0.9487276
GEN-5152,sarcastic,sarcastic,0.80286485
GEN-5160,sarcastic,sarcastic,0.65494996
GEN-5162,sarcastic,sarcastic,0.9428234
GEN-5166,sarcastic,sarcastic,0.58376706
GEN-5183,sarcastic,sarcastic,0.94539934
GEN-5197,sarcastic,sarcastic,0.83555067
GEN-5224,not_sarcastic,not_sarcastic,0.90443975
GEN-5226,not_sarcastic,not_sarcastic,0.5819417
GEN-5227,not_sarcastic,sarcastic,0.5028076
GEN-5234,not_sarcastic,sarcastic,0.9652504
GEN-5239,not_sarcastic,not_sarcastic,0.9475269
GEN-5246,not_sarcastic,sarcastic,0.9551939
GEN-5247,not_sarcastic,sarcastic,0.97344345
GEN-5259,not_sarcastic,not_sarcastic,0.9729338
GEN-5263,not_sarcastic,not_sarcastic,0.8964782
GEN-5276,not_sarcastic,not_sarcastic,0.978733
GEN-5277,not_sarcastic,not_sarcastic,0.95783347
GEN-5278,not_sarcastic,not_sarcastic,0.96992815
GEN-5286,not_sarcastic,not_sarcastic,0.6817002
GEN-5289,not_sarcastic,not_sarcastic,0.8814619
GEN-5291,not_sarcastic,not_sarcastic,0.9723622
GEN-5292,not_sarcastic,sarcastic,0.9692078
GEN-5304,not_sarcastic,not_sarcastic,0.9670388
GEN-5306,not_sarcastic,not_sarcastic,0.83615357
GEN-5308,not_sarcastic,not_sarcastic,0.9771538
GEN-5309,not_sarcastic,not_sarcastic,0.9765577
GEN-5313,not_sarcastic,sarcastic,0.5061795
GEN-5314,not_sarcastic,sarcastic,0.90286684
GEN-5320,not_sarcastic,not_sarcastic,0.9747731
GEN-5323,not_sarcastic,not_sarcastic,0.9799574
GEN-5330,not_sarcastic,not_sarcastic,0.9659639
GEN-5342,not_sarcastic,not_sarcastic,0.9257015
GEN-5344,not_sarcastic,sarcastic,0.5064999
GEN-5345,not_sarcastic,not_sarcastic,0.97180575
GEN-5359,not_sarcastic,not_sarcastic,0.9006172
GEN-5364,not_sarcastic,not_sarcastic,0.95577544
GEN-5368,not_sarcastic,not_sarcastic,0.64949524
GEN-5383,not_sarcastic,not_sarcastic,0.93108755
GEN-5388,not_sarcastic,not_sarcastic,0.8656222
GEN-5390,not_sarcastic,not_sarcastic,0.966028
GEN-5395,not_sarcastic,sarcastic,0.8961605
GEN-5401,not_sarcastic,not_sarcastic,0.88671505
GEN-5404,not_sarcastic,not_sarcastic,0.9625677
GEN-5409,not_sarcastic,sarcastic,0.97819793
GEN-5423,not_sarcastic,not_sarcastic,0.6916796
GEN-5427,not_sarcastic,sarcastic,0.7802442
GEN-5434,not_sarcastic,not_sarcastic,0.9765801
GEN-5442,not_sarcastic,not_sarcastic,0.87805307
GEN-5449,not_sarcastic,sarcastic,0.90690076
GEN-5451,not_sarcastic,not_sarcastic,0.967225
GEN-5469,not_sarcastic,not_sarcastic,0.97527254
GEN-5473,not_sarcastic,not_sarcastic,0.96823144
GEN-5481,not_sarcastic,not_sarcastic,0.9799574
GEN-5486,not_sarcastic,not_sarcastic,0.9637117
GEN-5496,not_sarcastic,not_sarcastic,0.9795506
GEN-5501,not_sarcastic,not_sarcastic,0.9700135
GEN-5507,not_sarcastic,not_sarcastic,0.968111
GEN-5508,not_sarcastic,not_sarcastic,0.9790558
GEN-5510,not_sarcastic,not_sarcastic,0.9531008
GEN-5511,not_sarcastic,not_sarcastic,0.9770007
GEN-5513,not_sarcastic,not_sarcastic,0.9425068
GEN-5535,not_sarcastic,not_sarcastic,0.8981875
GEN-5541,not_sarcastic,not_sarcastic,0.96606
GEN-5547,not_sarcastic,not_sarcastic,0.9563905
GEN-5562,not_sarcastic,not_sarcastic,0.9427707
GEN-5563,not_sarcastic,not_sarcastic,0.97503597
GEN-5573,not_sarcastic,not_sarcastic,0.9645224
GEN-5580,not_sarcastic,sarcastic,0.83615357
GEN-5591,not_sarcastic,not_sarcastic,0.8232573
GEN-5592,not_sarcastic,not_sarcastic,0.9692078
GEN-5600,not_sarcastic,not_sarcastic,0.97726256
GEN-5610,not_sarcastic,sarcastic,0.7489495
GEN-5611,not_sarcastic,not_sarcastic,0.90252376
GEN-5636,not_sarcastic,not_sarcastic,0.9793738
GEN-5666,not_sarcastic,not_sarcastic,0.9744348
GEN-5684,not_sarcastic,not_sarcastic,0.975249
GEN-5686,not_sarcastic,not_sarcastic,0.9279531
GEN-5696,not_sarcastic,not_sarcastic,0.8906752
GEN-5698,not_sarcastic,not_sarcastic,0.9749884
GEN-5701,not_sarcastic,not_sarcastic,0.73225695
GEN-5704,not_sarcastic,not_sarcastic,0.9749169
GEN-5723,not_sarcastic,not_sarcastic,0.5338076
GEN-5730,not_sarcastic,not_sarcastic,0.9693532
GEN-5738,not_sarcastic,not_sarcastic,0.6609114
GEN-5750,not_sarcastic,not_sarcastic,0.87348485
GEN-5762,not_sarcastic,not_sarcastic,0.9155828
GEN-5768,not_sarcastic,not_sarcastic,0.9792154
GEN-5778,not_sarcastic,sarcastic,0.5649387
GEN-5781,not_sarcastic,not_sarcastic,0.97494066
GEN-5792,not_sarcastic,not_sarcastic,0.945349
GEN-5797,not_sarcastic,not_sarcastic,0.9741658
GEN-5799,not_sarcastic,not_sarcastic,0.6697718
GEN-5801,not_sarcastic,not_sarcastic,0.9197147
GEN-5816,not_sarcastic,not_sarcastic,0.8233284
GEN-5823,not_sarcastic,not_sarcastic,0.9716717
GEN-5850,not_sarcastic,not_sarcastic,0.971564
GEN-5874,sarcastic,sarcastic,0.9320833
GEN-5884,sarcastic,sarcastic,0.9680808
GEN-5885,sarcastic,sarcastic,0.9719126
GEN-5902,sarcastic,not_sarcastic,0.70354944
GEN-5906,sarcastic,sarcastic,0.9797453
GEN-5913,sarcastic,sarcastic,0.93463415
GEN-5914,sarcastic,not_sarcastic,0.6256097
GEN-5915,sarcastic,not_sarcastic,0.9428234
GEN-5917,sarcastic,sarcastic,0.9716986
GEN-5918,sarcastic,sarcastic,0.9658352
GEN-5925,sarcastic,sarcastic,0.97562337
GEN-5935,sarcastic,sarcastic,0.9814356
GEN-5938,sarcastic,sarcastic,0.9668514
GEN-5940,sarcastic,sarcastic,0.88038635
GEN-5952,sarcastic,sarcastic,0.97879386
GEN-5954,sarcastic,sarcastic,0.9533619
GEN-5968,sarcastic,sarcastic,0.93952614
GEN-5974,sarcastic,sarcastic,0.97702265
GEN-5978,sarcastic,sarcastic,0.8733229
GEN-5980,sarcastic,sarcastic,0.5232072
GEN-5990,sarcastic,sarcastic,0.9300146
GEN-6001,sarcastic,sarcastic,0.8481565
GEN-6002,sarcastic,sarcastic,0.9790758
GEN-6007,sarcastic,sarcastic,0.9686789
GEN-6016,sarcastic,sarcastic,0.95995015
GEN-6022,sarcastic,sarcastic,0.97386926
GEN-6026,sarcastic,sarcastic,0.6445887
GEN-6032,sarcastic,sarcastic,0.94905907
GEN-6035,sarcastic,sarcastic,0.9810037
GEN-6038,sarcastic,sarcastic,0.9551521
GEN-6046,sarcastic,sarcastic,0.8180837
GEN-6057,sarcastic,sarcastic,0.9719925
GEN-6058,sarcastic,sarcastic,0.94122344
GEN-6062,sarcastic,sarcastic,0.9379537
GEN-6071,sarcastic,sarcastic,0.98020524
GEN-6076,sarcastic,sarcastic,0.97423947
GEN-6079,sarcastic,sarcastic,0.95145893
GEN-6096,sarcastic,sarcastic,0.98020524
GEN-6099,sarcastic,sarcastic,0.9506406
GEN-6109,sarcastic,sarcastic,0.9470392
GEN-6119,sarcastic,sarcastic,0.97678024
GEN-6128,sarcastic,sarcastic,0.95208645
GEN-6146,sarcastic,sarcastic,0.9769787
GEN-6154,sarcastic,sarcastic,0.95253
GEN-6158,sarcastic,sarcastic,0.95226437
GEN-6167,sarcastic,sarcastic,0.95679593
GEN-6173,sarcastic,sarcastic,0.94154674
GEN-6176,sarcastic,sarcastic,0.9764232
GEN-6178,sarcastic,sarcastic,0.8881781
GEN-6185,sarcastic,sarcastic,0.9806919
GEN-6195,sarcastic,sarcastic,0.9300781
GEN-6196,sarcastic,sarcastic,0.9805248
GEN-6199,sarcastic,sarcastic,0.9801673
GEN-6211,sarcastic,sarcastic,0.98166555
GEN-6221,sarcastic,sarcastic,0.97730595
GEN-6224,sarcastic,sarcastic,0.9794526
GEN-6225,sarcastic,sarcastic,0.6350527
GEN-6229,sarcastic,sarcastic,0.95945925
GEN-6236,sarcastic,sarcastic,0.6664968
GEN-6246,sarcastic,sarcastic,0.9810037
GEN-6249,sarcastic,sarcastic,0.87065226
GEN-6253,sarcastic,sarcastic,0.8106289
GEN-6257,sarcastic,sarcastic,0.96612406
GEN-6268,sarcastic,sarcastic,0.9787127
GEN-6271,sarcastic,sarcastic,0.8666412
GEN-6278,sarcastic,sarcastic,0.93189764
GEN-6280,sarcastic,sarcastic,0.97782
GEN-6295,sarcastic,not_sarcastic,0.5384372
GEN-6300,sarcastic,sarcastic,0.95803016
GEN-6303,sarcastic,sarcastic,0.53528064
GEN-6309,sarcastic,sarcastic,0.9809856
GEN-6315,sarcastic,sarcastic,0.961171
GEN-6355,sarcastic,sarcastic,0.9750598
GEN-6371,sarcastic,sarcastic,0.9674411
GEN-6373,sarcastic,not_sarcastic,0.7003827
GEN-6374,sarcastic,sarcastic,0.9582261
GEN-6383,sarcastic,sarcastic,0.9118885
GEN-6386,sarcastic,sarcastic,0.8600756
GEN-6402,sarcastic,sarcastic,0.81501174
GEN-6408,sarcastic,sarcastic,0.8926561
GEN-6420,sarcastic,not_sarcastic,0.97029626
GEN-6422,sarcastic,sarcastic,0.78481424
GEN-6425,sarcastic,not_sarcastic,0.5258254
GEN-6446,sarcastic,not_sarcastic,0.6376515
GEN-6484,sarcastic,sarcastic,0.97223073
GEN-6506,sarcastic,sarcastic,0.97754294
GEN-6508,sarcastic,sarcastic,0.9797065
GEN-6513,sarcastic,sarcastic,0.52415115
GEN-6520,sarcastic,sarcastic,0.95814794
HYP-17,not_sarcastic,sarcastic,0.8597227
HYP-21,not_sarcastic,sarcastic,0.87546796
HYP-36,not_sarcastic,not_sarcastic,0.9693242
HYP-45,not_sarcastic,sarcastic,0.6011839
HYP-52,not_sarcastic,sarcastic,0.7288448
HYP-60,not_sarcastic,sarcastic,0.95735765
HYP-67,not_sarcastic,not_sarcastic,0.8204695
HYP-72,not_sarcastic,not_sarcastic,0.9629179
HYP-80,not_sarcastic,sarcastic,0.89715594
HYP-102,not_sarcastic,not_sarcastic,0.8811555
HYP-104,not_sarcastic,not_sarcastic,0.9689444
HYP-109,not_sarcastic,sarcastic,0.68846846
HYP-110,not_sarcastic,not_sarcastic,0.89096016
HYP-111,not_sarcastic,not_sarcastic,0.96641046
HYP-112,not_sarcastic,not_sarcastic,0.87402344
HYP-117,not_sarcastic,not_sarcastic,0.91964257
HYP-121,not_sarcastic,sarcastic,0.92043275
HYP-124,not_sarcastic,sarcastic,0.8392076
HYP-137,not_sarcastic,not_sarcastic,0.87310666
HYP-142,not_sarcastic,not_sarcastic,0.90966654
HYP-146,not_sarcastic,not_sarcastic,0.97134733
HYP-152,not_sarcastic,sarcastic,0.5927255
HYP-153,not_sarcastic,sarcastic,0.87950945
HYP-158,not_sarcastic,not_sarcastic,0.9744834
HYP-164,not_sarcastic,not_sarcastic,0.97691274
HYP-170,not_sarcastic,not_sarcastic,0.9228308
HYP-172,not_sarcastic,not_sarcastic,0.9774139
HYP-173,not_sarcastic,not_sarcastic,0.9783433
HYP-174,not_sarcastic,not_sarcastic,0.94218844
HYP-177,not_sarcastic,not_sarcastic,0.9173767
HYP-196,not_sarcastic,not_sarcastic,0.91543174
HYP-197,not_sarcastic,not_sarcastic,0.97354424
HYP-205,not_sarcastic,not_sarcastic,0.91228
HYP-208,not_sarcastic,not_sarcastic,0.94728357
HYP-209,not_sarcastic,sarcastic,0.5109312
HYP-213,not_sarcastic,not_sarcastic,0.87536144
HYP-216,not_sarcastic,not_sarcastic,0.96102494
HYP-222,not_sarcastic,not_sarcastic,0.92482364
HYP-224,not_sarcastic,not_sarcastic,0.57082486
HYP-257,not_sarcastic,not_sarcastic,0.85446006
HYP-271,not_sarcastic,not_sarcastic,0.95362175
HYP-272,not_sarcastic,not_sarcastic,0.9573974
HYP-273,not_sarcastic,not_sarcastic,0.9561454
HYP-278,not_sarcastic,not_sarcastic,0.7940658
HYP-288,not_sarcastic,sarcastic,0.9079672
HYP-290,not_sarcastic,not_sarcastic,0.9628482
HYP-312,not_sarcastic,not_sarcastic,0.8548847
HYP-320,not_sarcastic,sarcastic,0.9638821
HYP-331,not_sarcastic,not_sarcastic,0.78621274
HYP-338,not_sarcastic,not_sarcastic,0.9757624
HYP-349,not_sarcastic,sarcastic,0.5203592
HYP-350,not_sarcastic,not_sarcastic,0.69035035
HYP-355,not_sarcastic,not_sarcastic,0.9592307
HYP-383,not_sarcastic,sarcastic,0.9743129
HYP-384,not_sarcastic,sarcastic,0.76585615
HYP-386,not_sarcastic,sarcastic,0.5112286
HYP-387,not_sarcastic,not_sarcastic,0.6977634
HYP-396,not_sarcastic,not_sarcastic,0.9507321
HYP-403,not_sarcastic,not_sarcastic,0.93569994
HYP-413,not_sarcastic,not_sarcastic,0.9073943
HYP-414,not_sarcastic,not_sarcastic,0.6971968
HYP-420,not_sarcastic,not_sarcastic,0.9713201
HYP-421,not_sarcastic,not_sarcastic,0.5554258
HYP-432,not_sarcastic,not_sarcastic,0.9008356
HYP-434,not_sarcastic,not_sarcastic,0.92563426
HYP-436,not_sarcastic,sarcastic,0.9528382
HYP-450,not_sarcastic,not_sarcastic,0.6296038
HYP-453,not_sarcastic,not_sarcastic,0.9566747
HYP-463,not_sarcastic,not_sarcastic,0.5254601
HYP-476,sarcastic,sarcastic,0.9727791
HYP-512,sarcastic,sarcastic,0.8565125
HYP-513,sarcastic,sarcastic,0.9546474
HYP-517,sarcastic,sarcastic,0.97803074
HYP-526,sarcastic,sarcastic,0.5204202
HYP-529,sarcastic,sarcastic,0.9280184
HYP-539,sarcastic,sarcastic,0.95695716
HYP-549,sarcastic,sarcastic,0.94433105
HYP-555,sarcastic,sarcastic,0.6734064
HYP-567,sarcastic,not_sarcastic,0.9291838
HYP-568,sarcastic,sarcastic,0.6547844
HYP-569,sarcastic,sarcastic,0.7220863
HYP-578,sarcastic,not_sarcastic,0.9551521
HYP-590,sarcastic,sarcastic,0.9474297
HYP-594,sarcastic,not_sarcastic,0.7599387
HYP-597,sarcastic,sarcastic,0.8138309
HYP-607,sarcastic,sarcastic,0.9390248
HYP-610,sarcastic,sarcastic,0.96329963
HYP-619,sarcastic,sarcastic,0.6028217
HYP-678,sarcastic,not_sarcastic,0.7378199
HYP-687,sarcastic,sarcastic,0.9456007
HYP-691,sarcastic,sarcastic,0.9595731
HYP-692,sarcastic,sarcastic,0.979354
HYP-693,sarcastic,sarcastic,0.97079873
HYP-701,sarcastic,sarcastic,0.9447403
HYP-706,sarcastic,sarcastic,0.68637
HYP-723,sarcastic,sarcastic,0.9737197
HYP-725,sarcastic,sarcastic,0.5532526
HYP-733,sarcastic,sarcastic,0.96644217
HYP-748,sarcastic,sarcastic,0.9760608
HYP-749,sarcastic,sarcastic,0.685002
HYP-751,sarcastic,sarcastic,0.97394365
HYP-761,sarcastic,sarcastic,0.94610083
HYP-762,sarcastic,sarcastic,0.96829146
HYP-766,sarcastic,sarcastic,0.8793542
HYP-769,sarcastic,sarcastic,0.95068645
HYP-775,sarcastic,sarcastic,0.97285664
HYP-781,sarcastic,sarcastic,0.97706646
HYP-787,sarcastic,sarcastic,0.9510968
HYP-806,sarcastic,not_sarcastic,0.9568766
HYP-818,sarcastic,sarcastic,0.97052056
HYP-820,sarcastic,sarcastic,0.82254577
HYP-821,sarcastic,sarcastic,0.9690618
HYP-823,sarcastic,sarcastic,0.9144437
HYP-826,sarcastic,sarcastic,0.97339284
HYP-832,sarcastic,sarcastic,0.9523531
HYP-837,sarcastic,sarcastic,0.9608783
HYP-853,sarcastic,not_sarcastic,0.5043334
HYP-856,sarcastic,not_sarcastic,0.92563426
HYP-863,sarcastic,not_sarcastic,0.83887786
HYP-867,sarcastic,sarcastic,0.8843892
HYP-868,sarcastic,sarcastic,0.967256
HYP-871,sarcastic,sarcastic,0.98026204
HYP-875,sarcastic,sarcastic,0.9638481
HYP-876,sarcastic,sarcastic,0.7181004
HYP-901,sarcastic,not_sarcastic,0.55643725
HYP-906,sarcastic,sarcastic,0.7967673
HYP-940,not_sarcastic,not_sarcastic,0.68961924
HYP-941,not_sarcastic,not_sarcastic,0.9394706
HYP-961,not_sarcastic,not_sarcastic,0.9313377
HYP-964,not_sarcastic,not_sarcastic,0.93257624
HYP-969,not_sarcastic,not_sarcastic,0.9484895
HYP-981,not_sarcastic,not_sarcastic,0.97107434
HYP-984,not_sarcastic,not_sarcastic,0.77995104
HYP-993,not_sarcastic,not_sarcastic,0.95911604
HYP-997,not_sarcastic,not_sarcastic,0.7129322
HYP-999,not_sarcastic,sarcastic,0.95331854
HYP-1002,not_sarcastic,not_sarcastic,0.92468774
HYP-1006,not_sarcastic,not_sarcastic,0.9727014
HYP-1014,not_sarcastic,sarcastic,0.9078855
HYP-1018,not_sarcastic,sarcastic,0.8890481
HYP-1027,not_sarcastic,not_sarcastic,0.96989965
HYP-1033,not_sarcastic,sarcastic,0.93985814
HYP-1036,not_sarcastic,sarcastic,0.58929545
HYP-1038,not_sarcastic,not_sarcastic,0.9697854
HYP-1041,not_sarcastic,sarcastic,0.8092759
HYP-1049,not_sarcastic,not_sarcastic,0.88413936
HYP-1051,sarcastic,sarcastic,0.97953105
HYP-1056,sarcastic,sarcastic,0.96820134
HYP-1059,sarcastic,sarcastic,0.50006104
HYP-1064,sarcastic,sarcastic,0.9725715
HYP-1068,sarcastic,sarcastic,0.9650863
HYP-1076,sarcastic,sarcastic,0.9690618
HYP-1077,sarcastic,sarcastic,0.9689444
HYP-1085,sarcastic,sarcastic,0.9445361
HYP-1087,sarcastic,sarcastic,0.9628831
HYP-1095,sarcastic,sarcastic,0.833528
HYP-1102,sarcastic,sarcastic,0.69750595
HYP-1104,sarcastic,not_sarcastic,0.8920464
HYP-1111,sarcastic,sarcastic,0.8857304
HYP-1112,sarcastic,sarcastic,0.85536855
HYP-1115,sarcastic,sarcastic,0.9032942
HYP-1118,sarcastic,sarcastic,0.97386926
HYP-1120,sarcastic,not_sarcastic,0.6710665
HYP-1127,sarcastic,sarcastic,0.9493885
HYP-1128,sarcastic,sarcastic,0.9605836
HYP-1136,sarcastic,sarcastic,0.96612406
RQ-9,not_sarcastic,not_sarcastic,0.957794
RQ-15,not_sarcastic,not_sarcastic,0.9185533
RQ-17,not_sarcastic,not_sarcastic,0.97121114
RQ-28,not_sarcastic,not_sarcastic,0.96498734
RQ-34,not_sarcastic,not_sarcastic,0.950411
RQ-37,not_sarcastic,sarcastic,0.89395916
RQ-42,not_sarcastic,not_sarcastic,0.9659639
RQ-45,not_sarcastic,not_sarcastic,0.9724409
RQ-46,not_sarcastic,not_sarcastic,0.9670076
RQ-53,not_sarcastic,not_sarcastic,0.93397486
RQ-59,not_sarcastic,not_sarcastic,0.9700419
RQ-65,not_sarcastic,not_sarcastic,0.9714559
RQ-79,not_sarcastic,not_sarcastic,0.9739932
RQ-84,not_sarcastic,not_sarcastic,0.971564
RQ-87,not_sarcastic,not_sarcastic,0.83834916
RQ-88,not_sarcastic,not_sarcastic,0.96295285
RQ-93,not_sarcastic,not_sarcastic,0.95987505
RQ-107,not_sarcastic,not_sarcastic,0.97316426
RQ-119,not_sarcastic,sarcastic,0.66421366
RQ-127,not_sarcastic,not_sarcastic,0.96644217
RQ-130,not_sarcastic,not_sarcastic,0.90161794
RQ-145,not_sarcastic,not_sarcastic,0.70487165
RQ-154,not_sarcastic,not_sarcastic,0.9634375
RQ-166,not_sarcastic,not_sarcastic,0.8449215
RQ-187,not_sarcastic,not_sarcastic,0.8034052
RQ-189,not_sarcastic,not_sarcastic,0.52503395
RQ-193,not_sarcastic,not_sarcastic,0.97779876
RQ-194,not_sarcastic,not_sarcastic,0.96606
RQ-196,not_sarcastic,not_sarcastic,0.9718593
RQ-208,not_sarcastic,not_sarcastic,0.90239483
RQ-220,not_sarcastic,not_sarcastic,0.9571178
RQ-222,not_sarcastic,sarcastic,0.8304567
RQ-224,not_sarcastic,sarcastic,0.95715785
RQ-225,not_sarcastic,not_sarcastic,0.9719659
RQ-242,not_sarcastic,not_sarcastic,0.9725715
RQ-249,not_sarcastic,not_sarcastic,0.9634375
RQ-251,not_sarcastic,not_sarcastic,0.96468914
RQ-258,not_sarcastic,not_sarcastic,0.97482115
RQ-260,not_sarcastic,sarcastic,0.95683634
RQ-262,not_sarcastic,not_sarcastic,0.7132818
RQ-271,not_sarcastic,not_sarcastic,0.8688268
RQ-287,not_sarcastic,not_sarcastic,0.9534921
RQ-289,not_sarcastic,not_sarcastic,0.881513
RQ-293,not_sarcastic,not_sarcastic,0.93257624
RQ-294,not_sarcastic,not_sarcastic,0.93587595
RQ-300,not_sarcastic,not_sarcastic,0.96631527
RQ-308,not_sarcastic,sarcastic,0.5668317
RQ-311,not_sarcastic,not_sarcastic,0.66508436
RQ-317,not_sarcastic,not_sarcastic,0.8955684
RQ-323,not_sarcastic,not_sarcastic,0.9492005
RQ-324,not_sarcastic,not_sarcastic,0.926769
RQ-328,not_sarcastic,not_sarcastic,0.90772206
RQ-336,not_sarcastic,not_sarcastic,0.9572378
RQ-343,not_sarcastic,not_sarcastic,0.8830344
RQ-344,not_sarcastic,not_sarcastic,0.7482143
RQ-354,not_sarcastic,not_sarcastic,0.94664603
RQ-362,not_sarcastic,not_sarcastic,0.7745408
RQ-366,not_sarcastic,not_sarcastic,0.97029626
RQ-392,not_sarcastic,not_sarcastic,0.94192183
RQ-397,not_sarcastic,not_sarcastic,0.5537768
RQ-398,not_sarcastic,not_sarcastic,0.9604354
RQ-405,not_sarcastic,not_sarcastic,0.6991004
RQ-414,not_sarcastic,not_sarcastic,0.95719784
RQ-427,not_sarcastic,not_sarcastic,0.9769568
RQ-435,not_sarcastic,not_sarcastic,0.5617483
RQ-436,not_sarcastic,not_sarcastic,0.9546897
RQ-439,not_sarcastic,not_sarcastic,0.95998776
RQ-442,not_sarcastic,not_sarcastic,0.921499
RQ-443,not_sarcastic,not_sarcastic,0.96805066
RQ-444,not_sarcastic,not_sarcastic,0.7153743
RQ-458,not_sarcastic,not_sarcastic,0.96210754
RQ-472,not_sarcastic,not_sarcastic,0.6917577
RQ-479,not_sarcastic,not_sarcastic,0.9559813
RQ-485,not_sarcastic,not_sarcastic,0.84195566
RQ-486,not_sarcastic,not_sarcastic,0.9727791
RQ-508,not_sarcastic,not_sarcastic,0.9670699
RQ-509,not_sarcastic,not_sarcastic,0.6709857
RQ-511,not_sarcastic,sarcastic,0.9323302
RQ-518,not_sarcastic,sarcastic,0.7839885
RQ-522,not_sarcastic,not_sarcastic,0.9794133
RQ-525,not_sarcastic,not_sarcastic,0.8152325
RQ-527,not_sarcastic,not_sarcastic,0.97223073
RQ-533,not_sarcastic,not_sarcastic,0.9045241
RQ-534,not_sarcastic,not_sarcastic,0.52051157
RQ-548,not_sarcastic,not_sarcastic,0.9566747
RQ-557,not_sarcastic,not_sarcastic,0.8993426
RQ-559,not_sarcastic,not_sarcastic,0.9728308
RQ-584,not_sarcastic,not_sarcastic,0.9462003
RQ-589,not_sarcastic,not_sarcastic,0.9437636
RQ-600,not_sarcastic,not_sarcastic,0.9167081
RQ-603,not_sarcastic,not_sarcastic,0.51179284
RQ-605,not_sarcastic,not_sarcastic,0.96395
RQ-607,not_sarcastic,not_sarcastic,0.967163
RQ-614,not_sarcastic,not_sarcastic,0.9768687
RQ-618,not_sarcastic,not_sarcastic,0.96232057
RQ-622,not_sarcastic,not_sarcastic,0.94355595
RQ-623,not_sarcastic,not_sarcastic,0.7780175
RQ-632,not_sarcastic,not_sarcastic,0.958654
RQ-639,not_sarcastic,not_sarcastic,0.973519
RQ-641,not_sarcastic,not_sarcastic,0.85158294
RQ-642,not_sarcastic,not_sarcastic,0.969469
RQ-645,not_sarcastic,not_sarcastic,0.9583432
RQ-660,not_sarcastic,not_sarcastic,0.82111585
RQ-686,sarcastic,not_sarcastic,0.74738556
RQ-687,sarcastic,sarcastic,0.941493
RQ-693,sarcastic,sarcastic,0.7336427
RQ-701,sarcastic,sarcastic,0.95257413
RQ-705,sarcastic,sarcastic,0.87402344
RQ-721,sarcastic,not_sarcastic,0.7891525
RQ-722,sarcastic,sarcastic,0.75319445
RQ-724,sarcastic,not_sarcastic,0.63563246
RQ-727,sarcastic,sarcastic,0.69435453
RQ-734,sarcastic,not_sarcastic,0.8250265
RQ-737,sarcastic,sarcastic,0.97068775
RQ-742,sarcastic,not_sarcastic,0.9510514
RQ-763,sarcastic,not_sarcastic,0.95787287
RQ-766,sarcastic,sarcastic,0.8543386
RQ-775,sarcastic,not_sarcastic,0.8928432
RQ-778,sarcastic,not_sarcastic,0.9369228
RQ-779,sarcastic,sarcastic,0.97313875
RQ-791,sarcastic,sarcastic,0.90000373
RQ-793,sarcastic,not_sarcastic,0.8793542
RQ-798,sarcastic,sarcastic,0.89688534
RQ-805,sarcastic,not_sarcastic,0.89129174
RQ-806,sarcastic,not_sarcastic,0.64957863
RQ-811,sarcastic,sarcastic,0.9762654
RQ-820,sarcastic,sarcastic,0.6296038
RQ-830,sarcastic,sarcastic,0.84758973
RQ-832,sarcastic,sarcastic,0.97891515
RQ-850,sarcastic,not_sarcastic,0.7146778
RQ-856,sarcastic,sarcastic,0.68825895
RQ-868,sarcastic,sarcastic,0.5895096
RQ-889,sarcastic,not_sarcastic,0.66017234
RQ-900,sarcastic,sarcastic,0.9611345
RQ-914,sarcastic,sarcastic,0.95565146
RQ-915,sarcastic,sarcastic,0.8932163
RQ-916,sarcastic,not_sarcastic,0.5216996
RQ-925,sarcastic,sarcastic,0.88453895
RQ-926,sarcastic,sarcastic,0.77231604
RQ-934,sarcastic,not_sarcastic,0.75774956
RQ-936,sarcastic,sarcastic,0.6853707
RQ-938,sarcastic,not_sarcastic,0.5519059
RQ-939,sarcastic,sarcastic,0.8512122
RQ-953,sarcastic,not_sarcastic,0.58406365
RQ-958,sarcastic,sarcastic,0.51034397
RQ-962,sarcastic,not_sarcastic,0.94980925
RQ-963,sarcastic,sarcastic,0.79565805
RQ-984,sarcastic,sarcastic,0.9811669
RQ-990,sarcastic,sarcastic,0.980375
RQ-1012,sarcastic,sarcastic,0.9755769
RQ-1015,sarcastic,sarcastic,0.9417078
RQ-1016,sarcastic,sarcastic,0.9302684
RQ-1018,sarcastic,sarcastic,0.60556585
RQ-1021,sarcastic,sarcastic,0.5114421
RQ-1048,sarcastic,not_sarcastic,0.9342153
RQ-1049,sarcastic,not_sarcastic,0.9265699
RQ-1061,sarcastic,sarcastic,0.9662516
RQ-1064,sarcastic,not_sarcastic,0.9038897
RQ-1075,sarcastic,sarcastic,0.8485334
RQ-1076,sarcastic,sarcastic,0.966347
RQ-1080,sarcastic,sarcastic,0.9766024
RQ-1081,sarcastic,not_sarcastic,0.7589575
RQ-1090,sarcastic,sarcastic,0.87831426
RQ-1092,sarcastic,sarcastic,0.59732896
RQ-1104,sarcastic,sarcastic,0.97877365
RQ-1108,sarcastic,not_sarcastic,0.58801705
RQ-1113,sarcastic,not_sarcastic,0.9087394
RQ-1115,sarcastic,not_sarcastic,0.5936387
RQ-1117,sarcastic,not_sarcastic,0.7106785
RQ-1119,sarcastic,sarcastic,0.7920624
RQ-1141,sarcastic,sarcastic,0.97836393
RQ-1145,sarcastic,sarcastic,0.93463415
RQ-1146,sarcastic,sarcastic,0.9615338
RQ-1147,sarcastic,sarcastic,0.9034647
RQ-1161,sarcastic,sarcastic,0.9791357
RQ-1168,sarcastic,sarcastic,0.9468429
RQ-1177,sarcastic,sarcastic,0.8362874
RQ-1186,sarcastic,sarcastic,0.7966882
RQ-1211,sarcastic,sarcastic,0.97311324
RQ-1212,sarcastic,sarcastic,0.9693532
RQ-1213,sarcastic,sarcastic,0.8180837
RQ-1218,sarcastic,sarcastic,0.9382373
RQ-1220,sarcastic,sarcastic,0.9719925
RQ-1222,sarcastic,sarcastic,0.94122344
RQ-1237,sarcastic,sarcastic,0.9716448
RQ-1241,sarcastic,sarcastic,0.98018634
RQ-1243,sarcastic,sarcastic,0.9523531
RQ-1244,sarcastic,sarcastic,0.9506406
RQ-1254,sarcastic,sarcastic,0.98141783
RQ-1258,sarcastic,sarcastic,0.96580297
RQ-1260,sarcastic,sarcastic,0.9780727
RQ-1271,sarcastic,sarcastic,0.9791357
RQ-1288,sarcastic,sarcastic,0.84479356
RQ-1297,sarcastic,not_sarcastic,0.7783967
RQ-1298,sarcastic,sarcastic,0.9805248
RQ-1303,sarcastic,sarcastic,0.97953105
RQ-1305,sarcastic,sarcastic,0.9787127
RQ-1317,sarcastic,sarcastic,0.98213416
RQ-1324,sarcastic,sarcastic,0.9651191
RQ-1328,sarcastic,sarcastic,0.9793935
RQ-1329,sarcastic,sarcastic,0.93189764
RQ-1338,sarcastic,sarcastic,0.95846003
RQ-1347,sarcastic,sarcastic,0.9772842
RQ-1350,sarcastic,sarcastic,0.5302745
RQ-1363,not_sarcastic,not_sarcastic,0.64949524
RQ-1374,not_sarcastic,not_sarcastic,0.93177354
RQ-1394,not_sarcastic,not_sarcastic,0.96472245
RQ-1413,not_sarcastic,not_sarcastic,0.941493
RQ-1415,not_sarcastic,not_sarcastic,0.971779
RQ-1426,not_sarcastic,not_sarcastic,0.5080559
RQ-1448,not_sarcastic,not_sarcastic,0.96741027
RQ-1451,not_sarcastic,not_sarcastic,0.97151
RQ-1455,not_sarcastic,not_sarcastic,0.9685006
RQ-1456,not_sarcastic,not_sarcastic,0.96820134
RQ-1464,not_sarcastic,not_sarcastic,0.92156965
RQ-1469,not_sarcastic,not_sarcastic,0.91386884
RQ-1479,not_sarcastic,not_sarcastic,0.96253246
RQ-1482,not_sarcastic,not_sarcastic,0.8056322
RQ-1484,not_sarcastic,not_sarcastic,0.9759235
RQ-1487,not_sarcastic,not_sarcastic,0.9785493
RQ-1491,not_sarcastic,not_sarcastic,0.9516839
RQ-1503,not_sarcastic,not_sarcastic,0.9250271
RQ-1515,not_sarcastic,not_sarcastic,0.9248914
RQ-1521,not_sarcastic,not_sarcastic,0.96395
RQ-1522,not_sarcastic,not_sarcastic,0.9557341
RQ-1524,not_sarcastic,not_sarcastic,0.97346866
RQ-1546,sarcastic,sarcastic,0.9305214
RQ-1555,sarcastic,not_sarcastic,0.9594972
RQ-1559,sarcastic,not_sarcastic,0.8978297
RQ-1569,sarcastic,sarcastic,0.9632651
RQ-1574,sarcastic,sarcastic,0.9653158
RQ-1577,sarcastic,sarcastic,0.6017691
RQ-1580,sarcastic,sarcastic,0.97754294
RQ-1589,sarcastic,not_sarcastic,0.8491599
RQ-1605,sarcastic,not_sarcastic,0.9203613
RQ-1607,sarcastic,sarcastic,0.87283593
RQ-1612,sarcastic,sarcastic,0.9760608
RQ-1632,sarcastic,sarcastic,0.9766024
RQ-1652,sarcastic,sarcastic,0.85342485
RQ-1656,sarcastic,sarcastic,0.9811488
RQ-1664,sarcastic,sarcastic,0.9679902
RQ-1680,sarcastic,sarcastic,0.95226437
RQ-1682,sarcastic,sarcastic,0.98237246
RQ-1690,sarcastic,sarcastic,0.96538115
RQ-1693,sarcastic,sarcastic,0.97925514
RQ-1694,sarcastic,sarcastic,0.9406263
RQ-1697,sarcastic,sarcastic,0.97134733
RQ-1699,sarcastic,sarcastic,0.51877475
